type1,type2,Green,Blue,Black,Red,White,Orange,Yellow,Gray,Brown,Purple,Pink
Grass,Poison,352.0,338.0,91.0,38.0,10.0,0.0,0.0,0.0,0.0,0.0,0.0
Grass,Poison,1103.0,119.0,153.0,284.0,0.0,0.0,0.0,0.0,0.0,0.0,0.0
Grass,Poison,2363.0,0.0,351.0,786.0,0.0,305.0,78.0,0.0,0.0,0.0,0.0
Fire,None,0.0,13.0,112.0,301.0,0.0,286.0,99.0,0.0,0.0,0.0,0.0
Fire,None,0.0,2.0,215.0,786.0,206.0,38.0,48.0,10.0,0.0,0.0,0.0
Fire,Flying,0.0,700.0,341.0,1197.0,257.0,1007.0,59.0,5.0,0.0,0.0,0.0
Water,None,0.0,511.0,103.0,21.0,57.0,119.0,33.0,0.0,9.0,0.0,0.0
Water,None,0.0,821.0,222.0,0.0,613.0,5.0,0.0,0.0,45.0,0.0,0.0
Water,None,0.0,1163.0,394.0,0.0,309.0,0.0,253.0,182.0,150.0,0.0,0.0
Bug,None,342.0,0.0,82.0,72.0,146.0,9.0,0.0,0.0,0.0,0.0,0.0
Bug,None,544.0,0.0,63.0,0.0,0.0,0.0,0.0,0.0,0.0,0.0,0.0
Bug,Flying,0.0,574.0,237.0,71.0,757.0,0.0,0.0,0.0,0.0,231.0,0.0
Bug,Poison,0.0,0.0,93.0,75.0,10.0,250.0,10.0,22.0,45.0,0.0,0.0
Bug,Poison,0.0,0.0,41.0,0.0,43.0,0.0,503.0,18.0,0.0,0.0,0.0
Bug,Poison,0.0,90.0,356.0,39.0,428.0,178.0,80.0,119.0,0.0,0.0,0.0
Normal,Flying,0.0,0.0,76.0,50.0,246.0,0.0,133.0,6.0,235.0,0.0,0.0
Normal,Flying,0.0,0.0,173.0,272.0,969.0,329.0,513.0,15.0,91.0,0.0,61.0
Normal,Flying,0.0,0.0,314.0,463.0,1304.0,0.0,0.0,0.0,213.0,0.0,0.0
Normal,None,0.0,0.0,78.0,9.0,77.0,0.0,89.0,3.0,0.0,204.0,244.0
Dark,Normal,0.0,9.0,140.0,4.0,205.0,0.0,0.0,522.0,0.0,0.0,0.0
Normal,None,0.0,0.0,183.0,0.0,324.0,441.0,542.0,6.0,64.0,0.0,0.0
Dark,Normal,0.0,0.0,220.0,4.0,547.0,0.0,0.0,701.0,283.0,0.0,0.0
Normal,Flying,0.0,0.0,116.0,220.0,141.0,190.0,0.0,0.0,42.0,0.0,0.0
Normal,Flying,0.0,0.0,269.0,308.0,667.0,1150.0,0.0,0.0,304.0,0.0,0.0
Poison,None,0.0,0.0,96.0,39.0,9.0,123.0,59.0,0.0,0.0,0.0,716.0
Poison,None,0.0,0.0,485.0,109.0,4.0,0.0,50.0,0.0,0.0,1692.0,0.0
Electric,None,0.0,0.0,117.0,19.0,15.0,81.0,682.0,46.0,43.0,0.0,0.0
Electric,None,0.0,0.0,153.0,64.0,215.0,536.0,369.0,46.0,276.0,0.0,0.0
Electric,Psychic,0.0,16.0,237.0,88.0,478.0,557.0,779.0,0.0,0.0,0.0,0.0
Ground,None,0.0,12.0,140.0,0.0,136.0,0.0,457.0,15.0,62.0,0.0,0.0
Ice,Steel,0.0,527.0,144.0,0.0,203.0,0.0,0.0,0.0,0.0,0.0,0.0
Ground,None,0.0,0.0,244.0,0.0,123.0,280.0,746.0,63.0,0.0,0.0,0.0
Ice,Steel,0.0,1154.0,232.0,0.0,172.0,0.0,0.0,82.0,0.0,0.0,0.0
Poison,None,0.0,220.0,93.0,19.0,435.0,0.0,0.0,0.0,0.0,0.0,0.0
Poison,None,0.0,899.0,75.0,13.0,228.0,0.0,0.0,14.0,0.0,0.0,0.0
Poison,Ground,0.0,1817.0,249.0,0.0,221.0,0.0,306.0,0.0,0.0,0.0,0.0
Poison,None,85.0,0.0,103.0,3.0,9.0,0.0,0.0,0.0,0.0,438.0,181.0
Poison,None,92.0,0.0,196.0,16.0,15.0,0.0,0.0,2.0,1.0,1234.0,0.0
Poison,Ground,0.0,145.0,344.0,9.0,341.0,0.0,0.0,0.0,0.0,1153.0,779.0
Fairy,None,0.0,0.0,94.0,307.0,570.0,0.0,0.0,24.0,177.0,0.0,0.0
Fairy,None,0.0,0.0,136.0,1549.0,56.0,0.0,0.0,4.0,0.0,0.0,114.0
Fire,None,0.0,0.0,150.0,615.0,368.0,263.0,0.0,0.0,57.0,0.0,0.0
Ice,None,0.0,338.0,148.0,0.0,907.0,0.0,0.0,0.0,0.0,0.0,0.0
Fire,None,0.0,0.0,338.0,3.0,0.0,366.0,2751.0,0.0,0.0,0.0,0.0
Ice,Fairy,0.0,1359.0,333.0,0.0,1578.0,0.0,0.0,0.0,0.0,0.0,0.0
Normal,Fairy,0.0,43.0,90.0,689.0,15.0,0.0,0.0,0.0,0.0,0.0,13.0
Normal,Fairy,6.0,44.0,197.0,597.0,182.0,5.0,0.0,14.0,104.0,0.0,0.0
Poison,Flying,0.0,627.0,98.0,0.0,4.0,0.0,0.0,12.0,0.0,0.0,199.0
Poison,Flying,0.0,745.0,325.0,0.0,8.0,0.0,0.0,23.0,0.0,0.0,987.0
Grass,Poison,383.0,210.0,64.0,2.0,0.0,0.0,0.0,0.0,0.0,0.0,0.0
Grass,Poison,0.0,370.0,162.0,354.0,33.0,202.0,53.0,0.0,46.0,18.0,0.0
Grass,Poison,0.0,365.0,146.0,1061.0,90.0,90.0,0.0,0.0,0.0,0.0,0.0
Bug,Grass,0.0,6.0,103.0,132.0,28.0,406.0,48.0,50.0,136.0,0.0,0.0
Bug,Grass,0.0,0.0,140.0,1344.0,16.0,111.0,113.0,10.0,0.0,0.0,0.0
Bug,Poison,0.0,53.0,146.0,189.0,127.0,0.0,0.0,47.0,31.0,731.0,0.0
Bug,Poison,0.0,0.0,177.0,0.0,549.0,0.0,0.0,0.0,58.0,1122.0,0.0
Ground,None,0.0,0.0,59.0,30.0,219.0,106.0,48.0,0.0,102.0,0.0,0.0
Ground,Steel,0.0,0.0,56.0,85.0,19.0,105.0,17.0,99.0,155.0,0.0,0.0
Ground,None,0.0,0.0,89.0,82.0,463.0,250.0,49.0,0.0,254.0,0.0,0.0
Ground,Steel,0.0,0.0,149.0,185.0,102.0,148.0,311.0,204.0,347.0,0.0,0.0
Normal,None,0.0,0.0,281.0,37.0,291.0,118.0,390.0,0.0,0.0,0.0,0.0
Dark,None,0.0,679.0,195.0,0.0,104.0,42.0,10.0,35.0,0.0,0.0,0.0
Steel,None,0.0,0.0,228.0,0.0,35.0,0.0,23.0,866.0,0.0,0.0,0.0
Normal,None,0.0,0.0,392.0,13.0,1178.0,116.0,44.0,0.0,0.0,0.0,0.0
Dark,None,0.0,959.0,295.0,0.0,649.0,0.0,0.0,0.0,0.0,0.0,0.0
Water,None,0.0,0.0,133.0,0.0,124.0,353.0,410.0,6.0,0.0,0.0,0.0
Water,None,0.0,1154.0,171.0,10.0,57.0,0.0,76.0,0.0,0.0,0.0,0.0
Fighting,None,0.0,0.0,225.0,330.0,377.0,137.0,0.0,0.0,152.0,0.0,0.0
Fighting,None,0.0,0.0,226.0,19.0,970.0,45.0,0.0,79.0,413.0,0.0,0.0
Fire,None,0.0,0.0,203.0,244.0,441.0,145.0,133.0,53.0,77.0,0.0,0.0
Fire,None,0.0,0.0,524.0,368.0,1778.0,168.0,0.0,0.0,195.0,0.0,0.0
Water,None,0.0,392.0,166.0,19.0,131.0,0.0,0.0,44.0,0.0,0.0,0.0
Water,None,0.0,624.0,213.0,0.0,239.0,0.0,0.0,214.0,0.0,0.0,0.0
Water,Fighting,0.0,1203.0,384.0,0.0,341.0,0.0,0.0,119.0,0.0,0.0,0.0
Psychic,None,0.0,0.0,179.0,0.0,39.0,66.0,647.0,0.0,87.0,0.0,0.0
Psychic,None,0.0,0.0,354.0,25.0,147.0,65.0,1210.0,37.0,207.0,0.0,0.0
Psychic,None,0.0,0.0,579.0,0.0,243.0,151.0,1267.0,21.0,22.0,0.0,0.0
Fighting,None,123.0,655.0,131.0,32.0,134.0,0.0,39.0,0.0,0.0,0.0,0.0
Fighting,None,0.0,46.0,279.0,31.0,51.0,0.0,91.0,0.0,0.0,1472.0,27.0
Fighting,None,0.0,352.0,413.0,24.0,755.0,0.0,218.0,772.0,0.0,0.0,0.0
Grass,Poison,207.0,0.0,104.0,37.0,7.0,24.0,158.0,0.0,119.0,0.0,0.0
Grass,Poison,440.0,0.0,127.0,245.0,114.0,33.0,344.0,0.0,0.0,0.0,0.0
Grass,Poison,901.0,0.0,313.0,61.0,172.0,161.0,469.0,0.0,0.0,0.0,0.0
Water,Poison,0.0,496.0,205.0,205.0,102.0,0.0,77.0,0.0,0.0,0.0,0.0
Water,Poison,0.0,708.0,362.0,314.0,59.0,0.0,0.0,572.0,0.0,0.0,0.0
Rock,Ground,0.0,0.0,96.0,0.0,488.0,0.0,0.0,273.0,0.0,0.0,0.0
Rock,Electric,0.0,376.0,236.0,0.0,380.0,0.0,0.0,67.0,0.0,0.0,0.0
Rock,Ground,0.0,0.0,255.0,0.0,1052.0,0.0,0.0,388.0,0.0,0.0,0.0
Rock,Electric,0.0,0.0,291.0,0.0,61.0,32.0,13.0,1489.0,0.0,0.0,0.0
Rock,Ground,879.0,0.0,448.0,18.0,358.0,0.0,383.0,27.0,0.0,0.0,0.0
Rock,Electric,0.0,619.0,273.0,84.0,247.0,35.0,0.0,1352.0,0.0,0.0,0.0
Fire,None,0.0,32.0,144.0,384.0,548.0,102.0,99.0,0.0,51.0,0.0,0.0
Psychic,None,0.0,639.0,120.0,0.0,459.0,0.0,0.0,109.0,0.0,940.0,0.0
Fire,None,0.0,28.0,128.0,760.0,960.0,457.0,195.0,6.0,102.0,0.0,0.0
Psychic,Fairy,370.0,82.0,220.0,0.0,874.0,0.0,0.0,133.0,0.0,1369.0,0.0
Water,Psychic,0.0,0.0,146.0,1020.0,143.0,39.0,0.0,25.0,0.0,0.0,0.0
Psychic,None,0.0,0.0,90.0,265.0,179.0,27.0,174.0,0.0,0.0,0.0,485.0
Water,Psychic,0.0,0.0,418.0,860.0,407.0,49.0,0.0,271.0,132.0,0.0,0.0
Poison,Psychic,0.0,0.0,273.0,290.0,586.0,0.0,0.0,254.0,0.0,234.0,580.0
Electric,Steel,95.0,10.0,70.0,10.0,63.0,0.0,0.0,144.0,0.0,0.0,0.0
Electric,Steel,267.0,92.0,211.0,45.0,262.0,47.0,0.0,553.0,0.0,0.0,0.0
Normal,Flying,266.0,0.0,214.0,0.0,239.0,97.0,293.0,0.0,124.0,0.0,0.0
Fighting,None,296.0,0.0,222.0,202.0,265.0,130.0,0.0,127.0,231.0,0.0,0.0
Normal,Flying,0.0,0.0,178.0,0.0,447.0,0.0,51.0,25.0,292.0,0.0,0.0
Normal,Flying,0.0,0.0,417.0,110.0,642.0,240.0,1.0,289.0,109.0,0.0,0.0
Water,None,0.0,119.0,113.0,52.0,1009.0,0.0,29.0,0.0,0.0,0.0,0.0
Water,Ice,0.0,211.0,203.0,18.0,1900.0,0.0,0.0,7.0,0.0,0.0,0.0
Poison,None,0.0,3.0,133.0,0.0,18.0,0.0,0.0,11.0,0.0,446.0,537.0
Poison,Dark,921.0,41.0,184.0,0.0,31.0,0.0,76.0,0.0,15.0,0.0,0.0
Poison,None,0.0,22.0,347.0,0.0,53.0,0.0,0.0,55.0,0.0,891.0,1367.0
Poison,Dark,675.0,484.0,468.0,81.0,57.0,0.0,422.0,55.0,0.0,0.0,440.0
Water,None,0.0,283.0,164.0,79.0,29.0,0.0,0.0,8.0,0.0,228.0,0.0
Water,Ice,0.0,0.0,252.0,0.0,61.0,0.0,0.0,188.0,0.0,1620.0,0.0
Ghost,Poison,0.0,0.0,68.0,24.0,680.0,0.0,0.0,0.0,0.0,0.0,865.0
Ghost,Poison,0.0,0.0,168.0,184.0,12.0,0.0,0.0,0.0,0.0,751.0,581.0
Ghost,Poison,0.0,464.0,124.0,41.0,77.0,0.0,0.0,0.0,0.0,1060.0,168.0
Rock,Ground,0.0,0.0,418.0,0.0,1002.0,0.0,0.0,1281.0,0.0,0.0,0.0
Psychic,None,0.0,0.0,155.0,17.0,551.0,0.0,886.0,0.0,46.0,0.0,0.0
Psychic,None,0.0,89.0,212.0,0.0,267.0,71.0,1149.0,0.0,0.0,0.0,0.0
Water,None,0.0,0.0,192.0,287.0,212.0,230.0,47.0,0.0,41.0,0.0,0.0
Water,None,0.0,0.0,320.0,655.0,768.0,343.0,128.0,0.0,0.0,0.0,0.0
Electric,None,0.0,0.0,58.0,490.0,112.0,0.0,0.0,0.0,0.0,0.0,0.0
Electric,None,0.0,0.0,131.0,442.0,819.0,0.0,0.0,72.0,0.0,0.0,0.0
Grass,Psychic,0.0,0.0,153.0,501.0,733.0,0.0,11.0,0.0,0.0,0.0,0.0
Grass,Psychic,770.0,0.0,337.0,0.0,55.0,272.0,628.0,0.0,63.0,0.0,0.0
Grass,Dragon,1077.0,0.0,420.0,0.0,747.0,174.0,0.0,12.0,291.0,0.0,0.0
Ground,None,0.0,0.0,140.0,0.0,316.0,0.0,61.0,0.0,209.0,0.0,0.0
Ground,None,0.0,0.0,144.0,2.0,651.0,80.0,210.0,0.0,0.0,0.0,0.0
Fire,Ghost,497.0,118.0,181.0,117.0,386.0,0.0,0.0,82.0,0.0,354.0,0.0
Fighting,None,56.0,0.0,0.0,0.0,607.0,0.0,104.0,253.0,332.0,0.0,0.0
Fighting,None,0.0,0.0,257.0,129.0,482.0,20.0,67.0,48.0,0.0,36.0,0.0
Normal,None,0.0,0.0,251.0,1508.0,347.0,0.0,0.0,0.0,0.0,0.0,0.0
Poison,None,0.0,0.0,70.0,26.0,357.0,0.0,555.0,0.0,0.0,0.0,605.0
Poison,None,0.0,0.0,178.0,25.0,422.0,4.0,622.0,0.0,0.0,1501.0,0.0
Poison,Fairy,572.0,0.0,265.0,39.0,728.0,0.0,96.0,1881.0,0.0,0.0,0.0
Ground,Rock,0.0,1324.0,300.0,2.0,619.0,0.0,0.0,0.0,0.0,0.0,0.0
Ground,Rock,0.0,0.0,341.0,21.0,992.0,0.0,0.0,1175.0,0.0,0.0,0.0
Normal,None,0.0,0.0,134.0,548.0,611.0,0.0,0.0,0.0,130.0,0.0,0.0
Grass,None,0.0,860.0,292.0,64.0,15.0,0.0,0.0,0.0,26.0,0.0,0.0
Normal,None,136.0,0.0,320.0,22.0,1056.0,0.0,324.0,0.0,839.0,0.0,32.0
Water,None,0.0,372.0,78.0,10.0,46.0,0.0,74.0,0.0,0.0,0.0,0.0
Water,None,0.0,767.0,159.0,0.0,85.0,0.0,205.0,1.0,0.0,0.0,0.0
Water,None,0.0,7.0,105.0,155.0,451.0,82.0,0.0,156.0,0.0,0.0,14.0
Water,None,0.0,0.0,300.0,406.0,808.0,99.0,0.0,346.0,0.0,0.0,0.0
Water,None,0.0,0.0,110.0,49.0,193.0,244.0,202.0,0.0,33.0,0.0,0.0
Water,Psychic,0.0,535.0,207.0,72.0,214.0,0.0,201.0,0.0,0.0,418.0,51.0
Psychic,Fairy,0.0,329.0,208.0,283.0,274.0,0.0,0.0,0.0,52.0,0.0,89.0
Ice,Psychic,0.0,572.0,220.0,75.0,371.0,0.0,0.0,62.0,40.0,0.0,0.0
Bug,Flying,704.0,0.0,205.0,0.0,289.0,0.0,61.0,58.0,0.0,0.0,0.0
Ice,Psychic,0.0,20.0,313.0,456.0,253.0,0.0,357.0,0.0,0.0,183.0,391.0
Electric,None,0.0,175.0,322.0,0.0,251.0,0.0,988.0,28.0,0.0,0.0,15.0
Fire,None,0.0,0.0,303.0,817.0,46.0,34.0,484.0,46.0,93.0,0.0,0.0
Bug,None,0.0,0.0,273.0,0.0,1507.0,0.0,0.0,0.0,0.0,0.0,0.0
Normal,None,0.0,97.0,301.0,0.0,547.0,675.0,0.0,115.0,86.0,0.0,0.0
Water,None,0.0,0.0,108.0,174.0,300.0,276.0,65.0,75.0,0.0,0.0,107.0
Water,Flying,0.0,1569.0,438.0,89.0,993.0,0.0,0.0,151.0,97.0,0.0,18.0
Water,Ice,0.0,1014.0,318.0,0.0,603.0,0.0,2.0,215.0,0.0,0.0,0.0
Normal,None,0.0,0.0,62.0,0.0,11.0,0.0,0.0,0.0,0.0,674.0,0.0
Normal,None,0.0,0.0,162.0,0.0,238.0,176.0,0.0,0.0,434.0,0.0,0.0
Water,None,0.0,859.0,248.0,4.0,126.0,0.0,72.0,41.0,0.0,6.0,0.0
Electric,None,0.0,0.0,291.0,0.0,141.0,0.0,646.0,27.0,0.0,17.0,0.0
Fire,None,0.0,18.0,218.0,525.0,909.0,0.0,0.0,0.0,0.0,0.0,0.0
Normal,None,0.0,409.0,75.0,306.0,54.0,0.0,0.0,0.0,0.0,0.0,0.0
Rock,Water,0.0,211.0,137.0,0.0,413.0,0.0,74.0,8.0,0.0,0.0,0.0
Rock,Water,0.0,482.0,207.0,0.0,753.0,0.0,0.0,3.0,0.0,0.0,0.0
Rock,Water,0.0,17.0,317.0,42.0,0.0,197.0,80.0,0.0,66.0,0.0,0.0
Rock,Water,0.0,115.0,353.0,0.0,396.0,377.0,0.0,16.0,241.0,0.0,0.0
Rock,Flying,2.0,105.0,272.0,71.0,450.0,0.0,0.0,0.0,0.0,1243.0,0.0
Normal,None,0.0,822.0,352.0,0.0,1632.0,0.0,6.0,9.0,33.0,0.0,0.0
Ice,Flying,0.0,2455.0,344.0,4.0,163.0,0.0,0.0,10.0,41.0,0.0,0.0
Psychic,Flying,0.0,554.0,472.0,0.0,247.0,0.0,0.0,105.0,0.0,752.0,0.0
Electric,Flying,0.0,0.0,445.0,0.0,1.0,149.0,1661.0,5.0,306.0,0.0,0.0
Fighting,Flying,0.0,0.0,297.0,673.0,264.0,470.0,26.0,265.0,0.0,0.0,0.0
Fire,Flying,0.0,0.0,139.0,848.0,128.0,461.0,507.0,9.0,163.0,0.0,0.0
Dark,Flying,0.0,1377.0,203.0,884.0,48.0,0.0,0.0,0.0,0.0,0.0,106.0
Dragon,None,0.0,346.0,86.0,0.0,104.0,0.0,0.0,59.0,0.0,0.0,0.0
Dragon,None,0.0,802.0,168.0,0.0,250.0,0.0,0.0,91.0,0.0,0.0,4.0
Dragon,Flying,157.0,0.0,416.0,0.0,413.0,1336.0,159.0,6.0,226.0,0.0,0.0
Psychic,None,0.0,462.0,263.0,0.0,609.0,0.0,0.0,0.0,0.0,380.0,0.0
Psychic,None,0.0,7.0,115.0,0.0,29.0,0.0,0.0,0.0,0.0,0.0,592.0
Grass,None,784.0,0.0,71.0,18.0,10.0,0.0,0.0,0.0,0.0,0.0,8.0
Grass,None,472.0,0.0,202.0,4.0,11.0,2.0,820.0,3.0,0.0,0.0,0.0
Grass,None,1109.0,0.0,185.0,579.0,17.0,0.0,190.0,24.0,0.0,0.0,131.0
Fire,None,0.0,202.0,60.0,161.0,200.0,170.0,105.0,3.0,0.0,0.0,0.0
Fire,None,0.0,299.0,113.0,220.0,63.0,400.0,445.0,3.0,0.0,0.0,0.0
Fire,None,0.0,420.0,133.0,221.0,1104.0,161.0,153.0,0.0,99.0,0.0,0.0
Water,None,0.0,483.0,129.0,76.0,7.0,0.0,43.0,0.0,0.0,0.0,0.0
Water,None,0.0,713.0,177.0,137.0,189.0,0.0,133.0,0.0,0.0,0.0,0.0
Water,None,0.0,1545.0,406.0,363.0,205.0,0.0,104.0,0.0,0.0,0.0,0.0
Normal,None,0.0,0.0,143.0,78.0,741.0,0.0,0.0,0.0,0.0,0.0,0.0
Normal,None,0.0,69.0,0.0,2.0,541.0,1.0,254.0,2.0,618.0,0.0,0.0
Normal,Flying,0.0,0.0,175.0,128.0,193.0,214.0,0.0,79.0,88.0,0.0,0.0
Normal,Flying,0.0,0.0,90.0,6.0,1090.0,0.0,101.0,18.0,218.0,0.0,0.0
Bug,Flying,0.0,18.0,269.0,219.0,313.0,27.0,35.0,131.0,0.0,22.0,0.0
Bug,Flying,0.0,46.0,311.0,437.0,148.0,0.0,186.0,116.0,0.0,0.0,0.0
Bug,Poison,256.0,0.0,234.0,26.0,11.0,0.0,96.0,26.0,0.0,0.0,0.0
Bug,Poison,0.0,0.0,333.0,358.0,19.0,0.0,256.0,42.0,0.0,214.0,0.0
Poison,Flying,0.0,345.0,227.0,2.0,0.0,0.0,10.0,4.0,0.0,876.0,0.0
Water,Electric,0.0,502.0,104.0,33.0,47.0,0.0,211.0,0.0,0.0,0.0,0.0
Water,Electric,0.0,909.0,99.0,20.0,56.0,0.0,323.0,0.0,0.0,0.0,0.0
Electric,None,0.0,157.0,46.0,21.0,28.0,6.0,262.0,5.0,0.0,0.0,0.0
Fairy,None,0.0,0.0,49.0,373.0,36.0,25.0,0.0,0.0,18.0,0.0,0.0
Normal,Fairy,0.0,0.0,52.0,357.0,27.0,0.0,0.0,0.0,0.0,0.0,67.0
Fairy,None,0.0,28.0,72.0,34.0,266.0,0.0,0.0,2.0,24.0,0.0,0.0
Fairy,Flying,0.0,9.0,107.0,19.0,169.0,0.0,0.0,118.0,0.0,0.0,0.0
Psychic,Flying,256.0,0.0,0.0,96.0,6.0,0.0,81.0,104.0,0.0,0.0,0.0
Psychic,Flying,240.0,0.0,192.0,195.0,97.0,9.0,60.0,93.0,0.0,0.0,0.0
Electric,None,0.0,122.0,139.0,0.0,699.0,0.0,55.0,58.0,0.0,0.0,0.0
Electric,None,0.0,28.0,89.0,493.0,141.0,0.0,0.0,135.0,0.0,0.0,0.0
Electric,None,0.0,0.0,223.0,11.0,76.0,135.0,631.0,64.0,0.0,0.0,0.0
Grass,None,358.0,0.0,135.0,182.0,0.0,63.0,127.0,0.0,0.0,0.0,0.0
Water,Fairy,0.0,532.0,96.0,54.0,77.0,0.0,0.0,9.0,0.0,0.0,0.0
Water,Fairy,0.0,906.0,225.0,102.0,149.0,0.0,0.0,0.0,0.0,0.0,0.0
Rock,None,253.0,0.0,189.0,5.0,178.0,0.0,413.0,0.0,0.0,0.0,0.0
Water,None,694.0,52.0,205.0,18.0,1.0,51.0,279.0,0.0,0.0,0.0,8.0
Grass,Flying,359.0,0.0,86.0,257.0,0.0,0.0,8.0,0.0,0.0,0.0,51.0
Grass,Flying,486.0,0.0,116.0,0.0,7.0,64.0,72.0,0.0,0.0,0.0,0.0
Grass,Flying,24.0,503.0,36.0,12.0,652.0,0.0,158.0,0.0,0.0,0.0,0.0
Normal,None,0.0,0.0,170.0,0.0,256.0,0.0,0.0,10.0,0.0,404.0,0.0
Grass,None,117.0,0.0,96.0,0.0,0.0,0.0,253.0,3.0,0.0,0.0,0.0
Grass,None,334.0,0.0,187.0,8.0,42.0,114.0,357.0,0.0,0.0,0.0,0.0
Bug,Flying,148.0,185.0,152.0,152.0,563.0,0.0,0.0,111.0,95.0,0.0,0.0
Water,Ground,0.0,415.0,79.0,24.0,0.0,0.0,0.0,0.0,0.0,81.0,53.0
Water,Ground,35.0,1527.0,143.0,0.0,2.0,0.0,0.0,0.0,0.0,33.0,0.0
Psychic,None,0.0,49.0,211.0,5.0,2.0,0.0,0.0,0.0,0.0,6.0,717.0
Dark,None,0.0,612.0,225.0,8.0,2.0,0.0,86.0,0.0,0.0,0.0,0.0
Dark,Flying,0.0,566.0,145.0,15.0,24.0,0.0,91.0,0.0,0.0,0.0,0.0
Water,Psychic,0.0,0.0,211.0,802.0,304.0,40.0,71.0,342.0,0.0,0.0,0.0
Poison,Psychic,15.0,297.0,288.0,136.0,79.0,0.0,0.0,0.0,0.0,708.0,300.0
Ghost,None,0.0,638.0,178.0,113.0,0.0,0.0,10.0,0.0,0.0,0.0,113.0
Psychic,None,0.0,0.0,97.0,0.0,28.0,0.0,0.0,219.0,0.0,0.0,0.0
Psychic,None,0.0,1153.0,164.0,29.0,0.0,45.0,0.0,46.0,0.0,0.0,0.0
Normal,Psychic,0.0,89.0,161.0,39.0,187.0,0.0,518.0,244.0,172.0,0.0,51.0
Bug,None,0.0,750.0,184.0,10.0,8.0,0.0,0.0,0.0,0.0,0.0,0.0
Bug,Steel,0.0,298.0,401.0,335.0,252.0,0.0,0.0,8.0,0.0,511.0,0.0
Normal,None,0.0,281.0,114.0,0.0,215.0,0.0,322.0,0.0,0.0,0.0,0.0
Ground,Flying,0.0,307.0,198.0,33.0,9.0,0.0,0.0,0.0,0.0,0.0,1176.0
Steel,Ground,0.0,1952.0,416.0,3.0,955.0,0.0,0.0,0.0,0.0,0.0,2.0
Fairy,None,0.0,60.0,156.0,574.0,13.0,28.0,0.0,96.0,10.0,0.0,0.0
Fairy,None,0.0,45.0,288.0,2.0,509.0,0.0,0.0,22.0,0.0,0.0,761.0
Water,Poison,166.0,338.0,102.0,22.0,203.0,0.0,0.0,0.0,0.0,0.0,0.0
Bug,Steel,0.0,127.0,400.0,1063.0,75.0,7.0,14.0,115.0,184.0,0.0,0.0
Bug,Rock,0.0,0.0,169.0,161.0,150.0,0.0,369.0,0.0,0.0,0.0,0.0
Bug,Fighting,0.0,1068.0,308.0,0.0,10.0,0.0,22.0,22.0,0.0,0.0,0.0
Dark,Ice,0.0,560.0,167.0,41.0,119.0,11.0,0.0,42.0,0.0,0.0,185.0
Normal,None,0.0,0.0,93.0,0.0,65.0,417.0,0.0,4.0,84.0,0.0,0.0
Normal,None,0.0,0.0,207.0,0.0,607.0,1286.0,154.0,46.0,134.0,0.0,0.0
Fire,None,0.0,0.0,126.0,526.0,0.0,76.0,36.0,0.0,0.0,0.0,0.0
Fire,Rock,0.0,0.0,255.0,885.0,92.0,0.0,55.0,474.0,77.0,0.0,0.0
Ice,Ground,0.0,0.0,45.0,10.0,399.0,0.0,91.0,0.0,1.0,0.0,0.0
Ice,Ground,0.0,0.0,141.0,40.0,1687.0,0.0,0.0,5.0,0.0,0.0,0.0
Water,Rock,0.0,72.0,138.0,0.0,119.0,0.0,0.0,0.0,0.0,0.0,611.0
Ghost,None,0.0,0.0,46.0,0.0,572.0,0.0,0.0,330.0,0.0,0.0,4.0
Water,None,67.0,242.0,52.0,18.0,264.0,0.0,0.0,2.0,0.0,0.0,0.0
Water,None,0.0,0.0,173.0,877.0,113.0,0.0,56.0,9.0,0.0,0.0,0.0
Ice,Flying,0.0,0.0,182.0,401.0,147.0,27.0,42.0,125.0,28.0,0.0,0.0
Water,Flying,0.0,525.0,172.0,0.0,321.0,0.0,0.0,0.0,0.0,611.0,0.0
Steel,Flying,0.0,837.0,273.0,341.0,424.0,0.0,5.0,0.0,0.0,0.0,0.0
Dark,Fire,0.0,0.0,264.0,0.0,56.0,0.0,0.0,512.0,9.0,0.0,0.0
Dark,Fire,0.0,38.0,458.0,59.0,110.0,0.0,0.0,948.0,54.0,0.0,0.0
Water,Dragon,0.0,916.0,362.0,2.0,98.0,14.0,28.0,6.0,0.0,0.0,0.0
Ground,None,0.0,614.0,51.0,77.0,2.0,0.0,0.0,6.0,0.0,0.0,0.0
Ground,None,0.0,0.0,368.0,60.0,507.0,0.0,0.0,1361.0,0.0,0.0,0.0
Normal,None,0.0,216.0,63.0,149.0,19.0,0.0,0.0,3.0,0.0,0.0,132.0
Normal,None,0.0,0.0,225.0,7.0,66.0,533.0,427.0,35.0,221.0,0.0,0.0
Normal,None,91.0,0.0,135.0,3.0,457.0,2.0,265.0,229.0,0.0,0.0,0.0
Fighting,None,0.0,0.0,78.0,5.0,32.0,108.0,0.0,11.0,43.0,111.0,237.0
Fighting,None,0.0,331.0,185.0,0.0,299.0,0.0,437.0,53.0,0.0,0.0,0.0
Ice,Psychic,0.0,0.0,91.0,114.0,88.0,0.0,243.0,0.0,0.0,0.0,47.0
Electric,None,0.0,0.0,118.0,0.0,1.0,27.0,599.0,145.0,0.0,0.0,0.0
Fire,None,0.0,0.0,134.0,466.0,20.0,0.0,56.0,11.0,0.0,0.0,0.0
Normal,None,0.0,6.0,268.0,546.0,212.0,0.0,12.0,250.0,68.0,0.0,0.0
Normal,None,0.0,0.0,181.0,847.0,351.0,0.0,0.0,77.0,0.0,0.0,273.0
Electric,None,0.0,152.0,369.0,3.0,235.0,0.0,835.0,479.0,0.0,439.0,0.0
Fire,None,0.0,0.0,342.0,63.0,1105.0,52.0,88.0,396.0,471.0,0.0,0.0
Water,None,0.0,1024.0,255.0,1.0,139.0,0.0,0.0,200.0,0.0,848.0,0.0
Rock,Ground,589.0,0.0,111.0,36.0,33.0,7.0,0.0,0.0,0.0,0.0,0.0
Rock,Ground,0.0,792.0,163.0,0.0,0.0,2.0,0.0,12.0,0.0,0.0,0.0
Rock,Dark,1933.0,179.0,441.0,5.0,45.0,6.0,0.0,23.0,0.0,0.0,0.0
Psychic,Flying,0.0,1103.0,330.0,21.0,1108.0,0.0,0.0,0.0,0.0,0.0,0.0
Fire,Flying,713.0,0.0,761.0,1254.0,287.0,177.0,534.0,85.0,0.0,0.0,0.0
Psychic,Grass,261.0,56.0,84.0,0.0,168.0,0.0,0.0,8.0,0.0,0.0,0.0
Grass,None,548.0,0.0,184.0,76.0,0.0,10.0,23.0,0.0,0.0,0.0,0.0
Grass,None,1036.0,0.0,309.0,192.0,0.0,0.0,9.0,0.0,0.0,0.0,0.0
Grass,None,1622.0,0.0,377.0,83.0,0.0,0.0,44.0,0.0,0.0,0.0,0.0
Fire,None,0.0,0.0,72.0,116.0,0.0,202.0,196.0,0.0,10.0,0.0,0.0
Fire,Fighting,0.0,0.0,243.0,321.0,47.0,73.0,522.0,137.0,0.0,0.0,0.0
Fire,Fighting,0.0,2.0,294.0,737.0,607.0,314.0,97.0,71.0,0.0,0.0,0.0
Water,None,0.0,632.0,105.0,0.0,4.0,115.0,0.0,0.0,0.0,0.0,0.0
Water,Ground,0.0,907.0,189.0,0.0,0.0,275.0,0.0,15.0,0.0,0.0,0.0
Water,Ground,0.0,1211.0,466.0,18.0,92.0,363.0,0.0,541.0,0.0,0.0,20.0
Dark,None,0.0,0.0,178.0,18.0,144.0,3.0,6.0,636.0,0.0,0.0,0.0
Dark,None,0.0,0.0,422.0,11.0,227.0,2.0,2.0,1320.0,0.0,0.0,2.0
Normal,None,0.0,9.0,236.0,0.0,1037.0,0.0,0.0,80.0,0.0,0.0,0.0
Dark,Normal,0.0,95.0,239.0,20.0,487.0,0.0,0.0,537.0,0.0,0.0,14.0
Normal,None,0.0,8.0,185.0,0.0,773.0,0.0,1.0,489.0,0.0,0.0,0.0
Dark,Normal,0.0,0.0,276.0,16.0,361.0,0.0,0.0,972.0,0.0,0.0,14.0
Bug,None,0.0,0.0,120.0,347.0,257.0,0.0,28.0,18.0,0.0,0.0,0.0
Bug,None,0.0,98.0,98.0,11.0,597.0,0.0,0.0,110.0,0.0,0.0,0.0
Bug,Flying,0.0,33.0,232.0,44.0,79.0,146.0,221.0,722.0,37.0,0.0,0.0
Bug,None,0.0,0.0,123.0,22.0,426.0,0.0,0.0,162.0,0.0,169.0,0.0
Bug,Poison,643.0,0.0,217.0,107.0,14.0,81.0,134.0,78.0,0.0,212.0,0.0
Water,Grass,508.0,120.0,134.0,0.0,0.0,0.0,37.0,0.0,0.0,0.0,0.0
Water,Grass,808.0,0.0,235.0,89.0,0.0,0.0,0.0,11.0,0.0,0.0,0.0
Water,Grass,1179.0,0.0,427.0,101.0,960.0,0.0,0.0,0.0,0.0,0.0,0.0
Grass,None,0.0,0.0,100.0,0.0,185.0,0.0,0.0,262.0,85.0,0.0,0.0
Grass,Dark,121.0,0.0,202.0,3.0,837.0,0.0,0.0,0.0,0.0,0.0,0.0
Grass,Dark,318.0,0.0,400.0,0.0,1661.0,0.0,5.0,105.0,0.0,0.0,0.0
Normal,Flying,0.0,391.0,146.0,127.0,53.0,31.0,26.0,6.0,0.0,0.0,0.0
Normal,Flying,0.0,809.0,322.0,302.0,89.0,10.0,25.0,25.0,0.0,0.0,87.0
Water,Flying,0.0,85.0,103.0,0.0,133.0,27.0,0.0,96.0,0.0,0.0,0.0
Water,Flying,0.0,391.0,276.0,23.0,332.0,61.0,807.0,25.0,88.0,0.0,0.0
Psychic,Fairy,223.0,35.0,102.0,67.0,146.0,0.0,0.0,0.0,0.0,0.0,30.0
Psychic,Fairy,462.0,33.0,191.0,67.0,41.0,0.0,0.0,0.0,0.0,0.0,30.0
Psychic,Fairy,556.0,147.0,256.0,34.0,859.0,0.0,0.0,0.0,0.0,0.0,13.0
Bug,Water,0.0,244.0,109.0,14.0,0.0,0.0,89.0,4.0,0.0,0.0,0.0
Bug,Flying,0.0,154.0,191.0,0.0,674.0,388.0,0.0,0.0,0.0,0.0,144.0
Grass,None,110.0,0.0,98.0,0.0,541.0,0.0,0.0,0.0,0.0,0.0,0.0
Grass,Fighting,555.0,0.0,280.0,167.0,486.0,0.0,0.0,0.0,0.0,0.0,0.0
Normal,None,0.0,0.0,176.0,29.0,646.0,0.0,0.0,10.0,55.0,0.0,13.0
Normal,None,0.0,0.0,244.0,96.0,707.0,0.0,9.0,236.0,28.0,0.0,13.0
Normal,None,0.0,69.0,432.0,46.0,2489.0,0.0,0.0,0.0,0.0,0.0,5.0
Bug,Ground,75.0,0.0,140.0,0.0,360.0,0.0,0.0,99.0,27.0,0.0,0.0
Bug,Flying,0.0,0.0,242.0,138.0,188.0,65.0,42.0,323.0,6.0,0.0,0.0
Bug,Ghost,0.0,62.0,160.0,0.0,698.0,0.0,0.0,88.0,0.0,0.0,0.0
Normal,None,0.0,0.0,139.0,0.0,74.0,0.0,165.0,0.0,0.0,0.0,530.0
Normal,None,0.0,550.0,496.0,0.0,39.0,0.0,215.0,8.0,0.0,467.0,278.0
Normal,None,0.0,1492.0,453.0,0.0,27.0,0.0,420.0,35.0,0.0,0.0,444.0
Fighting,None,0.0,0.0,195.0,16.0,127.0,0.0,843.0,257.0,3.0,0.0,23.0
Fighting,None,0.0,438.0,484.0,701.0,1266.0,0.0,349.0,0.0,104.0,0.0,0.0
Normal,Fairy,0.0,803.0,170.0,0.0,8.0,0.0,0.0,0.0,0.0,0.0,33.0
Rock,None,0.0,972.0,232.0,147.0,0.0,0.0,0.0,0.0,0.0,0.0,0.0
Normal,None,0.0,0.0,129.0,455.0,264.0,0.0,0.0,0.0,0.0,32.0,0.0
Normal,None,0.0,0.0,287.0,0.0,246.0,143.0,0.0,5.0,0.0,619.0,0.0
Dark,Ghost,0.0,714.0,147.0,11.0,0.0,0.0,0.0,0.0,0.0,0.0,0.0
Steel,Fairy,0.0,0.0,355.0,0.0,16.0,342.0,0.0,650.0,59.0,0.0,42.0
Steel,Rock,0.0,109.0,147.0,0.0,128.0,0.0,0.0,116.0,0.0,0.0,0.0
Steel,Rock,0.0,60.0,387.0,46.0,479.0,0.0,0.0,766.0,0.0,0.0,0.0
Steel,Rock,0.0,8.0,766.0,29.0,334.0,0.0,0.0,1691.0,0.0,0.0,0.0
Fighting,Psychic,0.0,222.0,162.0,14.0,374.0,0.0,0.0,77.0,0.0,0.0,0.0
Fighting,Psychic,0.0,0.0,235.0,487.0,131.0,22.0,41.0,138.0,0.0,0.0,66.0
Electric,None,773.0,0.0,170.0,0.0,22.0,0.0,134.0,0.0,0.0,0.0,21.0
Electric,None,0.0,596.0,249.0,5.0,194.0,0.0,651.0,101.0,0.0,0.0,0.0
Electric,None,0.0,0.0,117.0,278.0,282.0,0.0,0.0,0.0,0.0,0.0,0.0
Electric,None,0.0,235.0,118.0,0.0,287.0,0.0,0.0,0.0,0.0,0.0,0.0
Bug,None,0.0,141.0,166.0,250.0,229.0,0.0,156.0,213.0,0.0,0.0,0.0
Bug,None,0.0,380.0,182.0,0.0,44.0,0.0,79.0,192.0,0.0,168.0,0.0
Grass,Poison,405.0,202.0,180.0,172.0,87.0,0.0,26.0,0.0,0.0,0.0,0.0
Poison,None,481.0,0.0,74.0,0.0,30.0,0.0,81.0,13.0,0.0,0.0,0.0
Poison,None,0.0,0.0,188.0,6.0,0.0,0.0,97.0,250.0,0.0,1715.0,0.0
Water,Dark,0.0,206.0,161.0,193.0,97.0,0.0,333.0,0.0,55.0,0.0,0.0
Water,Dark,0.0,1094.0,217.0,56.0,204.0,0.0,58.0,26.0,0.0,0.0,0.0
Water,None,0.0,1151.0,136.0,0.0,849.0,0.0,0.0,4.0,0.0,0.0,0.0
Water,None,0.0,1815.0,77.0,0.0,2164.0,0.0,0.0,110.0,0.0,0.0,0.0
Fire,Ground,121.0,0.0,122.0,0.0,295.0,0.0,684.0,0.0,0.0,0.0,0.0
Fire,Ground,0.0,193.0,313.0,1639.0,232.0,0.0,0.0,429.0,0.0,0.0,0.0
Fire,None,0.0,0.0,157.0,260.0,1610.0,173.0,0.0,479.0,35.0,0.0,0.0
Psychic,None,0.0,93.0,103.0,118.0,8.0,0.0,0.0,395.0,0.0,0.0,51.0
Psychic,None,0.0,0.0,318.0,193.0,0.0,0.0,0.0,803.0,0.0,0.0,632.0
Normal,None,0.0,0.0,190.0,125.0,692.0,0.0,0.0,0.0,54.0,0.0,0.0
Ground,None,0.0,0.0,127.0,703.0,16.0,0.0,0.0,32.0,100.0,0.0,0.0
Ground,Dragon,419.0,0.0,267.0,0.0,187.0,0.0,0.0,426.0,0.0,0.0,0.0
Ground,Dragon,1360.0,107.0,369.0,393.0,0.0,0.0,0.0,0.0,0.0,0.0,0.0
Grass,None,782.0,0.0,232.0,0.0,12.0,0.0,33.0,0.0,0.0,0.0,0.0
Grass,Dark,1625.0,0.0,256.0,0.0,2.0,0.0,1.0,3.0,0.0,0.0,0.0
Normal,Flying,0.0,395.0,65.0,0.0,298.0,0.0,0.0,69.0,0.0,0.0,0.0
Dragon,Flying,0.0,647.0,141.0,0.0,560.0,0.0,0.0,0.0,0.0,0.0,0.0
Normal,None,0.0,3.0,219.0,330.0,544.0,0.0,0.0,203.0,0.0,0.0,0.0
Poison,None,0.0,1345.0,288.0,199.0,0.0,0.0,340.0,0.0,0.0,225.0,0.0
Rock,Psychic,0.0,0.0,191.0,45.0,488.0,0.0,582.0,19.0,0.0,0.0,0.0
Rock,Psychic,0.0,0.0,241.0,6.0,0.0,674.0,656.0,0.0,0.0,0.0,0.0
Water,Ground,0.0,262.0,154.0,0.0,99.0,0.0,0.0,112.0,0.0,0.0,0.0
Water,Ground,26.0,1215.0,155.0,0.0,171.0,0.0,296.0,0.0,0.0,0.0,0.0
Water,None,0.0,0.0,246.0,437.0,353.0,224.0,0.0,0.0,0.0,0.0,0.0
Water,Dark,0.0,97.0,476.0,993.0,237.0,80.0,38.0,46.0,49.0,0.0,0.0
Ground,Psychic,0.0,0.0,100.0,91.0,121.0,0.0,221.0,86.0,0.0,0.0,0.0
Ground,Psychic,0.0,0.0,244.0,273.0,996.0,0.0,0.0,568.0,0.0,0.0,182.0
Rock,Grass,0.0,162.0,197.0,199.0,0.0,0.0,124.0,21.0,0.0,175.0,415.0
Rock,Grass,1099.0,0.0,343.0,209.0,13.0,0.0,248.0,0.0,0.0,0.0,241.0
Rock,Bug,57.0,0.0,345.0,140.0,144.0,0.0,0.0,262.0,0.0,0.0,0.0
Rock,Bug,0.0,1190.0,635.0,135.0,283.0,0.0,296.0,86.0,0.0,0.0,0.0
Water,None,0.0,304.0,179.0,16.0,400.0,0.0,0.0,0.0,0.0,0.0,0.0
Water,None,0.0,445.0,326.0,692.0,1113.0,0.0,0.0,298.0,153.0,0.0,0.0
Normal,None,0.0,0.0,52.0,0.0,285.0,0.0,0.0,110.0,0.0,0.0,0.0
Water,None,0.0,515.0,79.0,0.0,175.0,0.0,0.0,212.0,0.0,0.0,0.0
Ice,None,918.0,133.0,76.0,0.0,134.0,0.0,0.0,23.0,0.0,111.0,0.0
Fire,None,0.0,0.0,70.0,174.0,85.0,458.0,72.0,53.0,192.0,0.0,0.0
Normal,None,717.0,0.0,152.0,0.0,78.0,0.0,244.0,0.0,0.0,0.0,45.0
Ghost,None,0.0,645.0,150.0,0.0,0.0,0.0,9.0,0.0,0.0,0.0,0.0
Ghost,None,0.0,0.0,196.0,18.0,28.0,24.0,119.0,851.0,30.0,112.0,0.0
Ghost,None,0.0,0.0,159.0,10.0,236.0,0.0,0.0,499.0,0.0,0.0,0.0
Ghost,None,0.0,0.0,342.0,21.0,367.0,0.0,0.0,1442.0,15.0,0.0,0.0
Grass,Flying,2287.0,0.0,389.0,0.0,852.0,0.0,74.0,0.0,106.0,0.0,0.0
Psychic,None,0.0,372.0,44.0,195.0,25.0,25.0,23.0,0.0,0.0,0.0,9.0
Dark,None,0.0,492.0,256.0,8.0,391.0,0.0,0.0,81.0,0.0,0.0,0.0
Psychic,None,0.0,604.0,146.0,68.0,5.0,0.0,0.0,4.0,0.0,0.0,0.0
Ice,None,0.0,8.0,88.0,115.0,147.0,0.0,126.0,232.0,0.0,0.0,0.0
Ice,None,0.0,128.0,541.0,0.0,935.0,0.0,0.0,569.0,0.0,0.0,0.0
Ice,Water,0.0,417.0,93.0,0.0,317.0,0.0,18.0,0.0,0.0,0.0,0.0
Ice,Water,0.0,785.0,164.0,0.0,611.0,0.0,0.0,0.0,0.0,0.0,0.0
Ice,Water,0.0,2197.0,207.0,25.0,128.0,0.0,0.0,0.0,0.0,0.0,0.0
Water,None,0.0,470.0,408.0,99.0,94.0,0.0,0.0,33.0,0.0,0.0,28.0
Water,None,0.0,996.0,232.0,33.0,194.0,584.0,0.0,9.0,0.0,0.0,61.0
Water,None,0.0,0.0,204.0,64.0,59.0,0.0,0.0,0.0,0.0,216.0,765.0
Water,Rock,0.0,0.0,179.0,7.0,751.0,0.0,0.0,0.0,444.0,0.0,0.0
Water,None,0.0,4.0,50.0,111.0,0.0,0.0,0.0,0.0,37.0,0.0,327.0
Dragon,None,0.0,522.0,116.0,0.0,215.0,0.0,24.0,32.0,0.0,0.0,0.0
Dragon,None,0.0,0.0,208.0,19.0,963.0,0.0,13.0,322.0,0.0,0.0,0.0
Dragon,Flying,0.0,1334.0,396.0,1366.0,127.0,0.0,0.0,98.0,155.0,0.0,0.0
Steel,Psychic,0.0,581.0,211.0,6.0,3.0,0.0,0.0,13.0,9.0,0.0,0.0
Steel,Psychic,0.0,1390.0,330.0,11.0,32.0,0.0,0.0,109.0,3.0,0.0,0.0
Steel,Psychic,0.0,1627.0,427.0,5.0,140.0,0.0,0.0,156.0,2.0,0.0,0.0
Rock,None,0.0,0.0,332.0,230.0,1685.0,445.0,348.0,0.0,0.0,0.0,0.0
Ice,None,0.0,2435.0,209.0,0.0,7.0,0.0,21.0,0.0,0.0,0.0,0.0
Steel,None,0.0,16.0,289.0,46.0,1073.0,0.0,0.0,1038.0,0.0,0.0,0.0
Dragon,Psychic,0.0,107.0,245.0,744.0,491.0,0.0,7.0,0.0,0.0,0.0,0.0
Dragon,Psychic,0.0,1033.0,226.0,30.0,589.0,0.0,0.0,138.0,0.0,0.0,0.0
Water,None,0.0,1976.0,366.0,187.0,274.0,0.0,3.0,86.0,0.0,30.0,153.0
Ground,None,0.0,0.0,853.0,1429.0,197.0,1.0,4.0,792.0,0.0,0.0,0.0
Dragon,Flying,1990.0,0.0,565.0,135.0,12.0,21.0,121.0,0.0,0.0,0.0,107.0
Steel,Psychic,0.0,120.0,157.0,0.0,234.0,0.0,457.0,61.0,0.0,0.0,0.0
Psychic,None,0.0,486.0,420.0,737.0,3.0,0.0,0.0,109.0,239.0,18.0,0.0
Psychic,None,0.0,569.0,341.0,1376.0,3.0,0.0,0.0,0.0,240.0,18.0,0.0
Psychic,None,0.0,486.0,391.0,938.0,3.0,0.0,0.0,30.0,195.0,18.0,0.0
Psychic,None,0.0,380.0,354.0,330.0,1.0,0.0,0.0,400.0,166.0,21.0,0.0
Grass,None,451.0,0.0,75.0,0.0,95.0,0.0,126.0,0.0,0.0,0.0,0.0
Grass,None,1308.0,0.0,150.0,0.0,451.0,0.0,404.0,15.0,0.0,0.0,0.0
Grass,Ground,1546.0,0.0,337.0,0.0,1513.0,0.0,0.0,159.0,0.0,0.0,0.0
Fire,None,0.0,0.0,85.0,73.0,146.0,221.0,156.0,4.0,66.0,0.0,0.0
Fire,Fighting,0.0,96.0,116.0,65.0,302.0,438.0,222.0,0.0,84.0,0.0,0.0
Fire,Fighting,0.0,117.0,204.0,287.0,157.0,434.0,400.0,88.0,93.0,0.0,0.0
Water,None,0.0,388.0,60.0,0.0,38.0,19.0,22.0,0.0,0.0,0.0,0.0
Water,None,0.0,995.0,125.0,0.0,136.0,0.0,83.0,0.0,33.0,0.0,0.0
Water,Steel,0.0,1749.0,256.0,0.0,238.0,0.0,70.0,0.0,29.0,0.0,0.0
Normal,Flying,0.0,0.0,141.0,0.0,56.0,48.0,0.0,368.0,0.0,0.0,32.0
Normal,Flying,0.0,0.0,199.0,83.0,24.0,45.0,0.0,581.0,18.0,0.0,7.0
Normal,Flying,0.0,0.0,285.0,283.0,37.0,60.0,0.0,827.0,49.0,0.0,62.0
Normal,None,0.0,0.0,129.0,4.0,234.0,655.0,106.0,4.0,0.0,0.0,0.0
Normal,Water,0.0,0.0,239.0,3.0,1008.0,944.0,0.0,0.0,94.0,0.0,0.0
Bug,None,0.0,0.0,219.0,171.0,342.0,17.0,102.0,16.0,89.0,0.0,0.0
Bug,None,0.0,0.0,257.0,510.0,350.0,14.0,16.0,0.0,192.0,73.0,0.0
Electric,None,0.0,605.0,142.0,2.0,56.0,0.0,85.0,0.0,0.0,0.0,0.0
Electric,None,0.0,950.0,254.0,5.0,42.0,0.0,112.0,0.0,0.0,0.0,0.0
Electric,None,0.0,1459.0,380.0,8.0,35.0,0.0,75.0,0.0,0.0,0.0,0.0
Grass,Poison,436.0,0.0,71.0,0.0,0.0,0.0,127.0,0.0,0.0,0.0,0.0
Grass,Poison,550.0,302.0,192.0,193.0,106.0,0.0,29.0,0.0,0.0,0.0,58.0
Rock,None,0.0,563.0,173.0,3.0,167.0,0.0,0.0,196.0,0.0,0.0,0.0
Rock,None,0.0,508.0,211.0,6.0,123.0,0.0,0.0,1367.0,0.0,0.0,0.0
Rock,Steel,0.0,0.0,141.0,0.0,290.0,0.0,0.0,335.0,7.0,146.0,0.0
Rock,Steel,0.0,0.0,343.0,5.0,411.0,0.0,57.0,1149.0,0.0,590.0,0.0
Bug,None,0.0,0.0,65.0,353.0,0.0,0.0,9.0,175.0,0.0,0.0,0.0
Bug,Grass,472.0,53.0,129.0,0.0,0.0,0.0,0.0,126.0,0.0,0.0,0.0
Bug,Ground,0.0,0.0,119.0,29.0,451.0,0.0,0.0,233.0,49.0,0.0,0.0
Bug,Steel,0.0,0.0,146.0,380.0,0.0,0.0,0.0,127.0,0.0,0.0,141.0
Bug,Flying,0.0,0.0,236.0,0.0,250.0,370.0,608.0,101.0,132.0,0.0,0.0
Bug,Flying,0.0,27.0,144.0,0.0,165.0,91.0,396.0,110.0,0.0,0.0,0.0
Bug,Flying,0.0,28.0,403.0,28.0,103.0,313.0,476.0,386.0,97.0,0.0,0.0
Electric,None,0.0,299.0,96.0,3.0,594.0,0.0,24.0,71.0,0.0,79.0,0.0
Water,None,0.0,21.0,148.0,0.0,133.0,439.0,12.0,8.0,113.0,0.0,0.0
Water,None,0.0,125.0,291.0,0.0,473.0,810.0,79.0,4.0,167.0,0.0,0.0
Grass,None,156.0,30.0,56.0,185.0,0.0,0.0,0.0,0.0,23.0,0.0,125.0
Grass,None,3.0,0.0,130.0,166.0,4.0,6.0,158.0,0.0,0.0,0.0,418.0
Water,None,0.0,0.0,104.0,0.0,145.0,0.0,80.0,12.0,0.0,0.0,319.0
Water,Ground,0.0,0.0,182.0,0.0,303.0,181.0,168.0,12.0,54.0,0.0,476.0
Normal,None,0.0,0.0,388.0,127.0,526.0,0.0,0.0,5.0,44.0,926.0,0.0
Ghost,Flying,0.0,5.0,107.0,0.0,55.0,0.0,110.0,21.0,0.0,374.0,0.0
Ghost,Flying,0.0,119.0,171.0,40.0,104.0,0.0,231.0,11.0,0.0,955.0,23.0
Normal,None,0.0,0.0,99.0,36.0,677.0,0.0,0.0,1.0,70.0,0.0,0.0
Normal,None,0.0,0.0,206.0,20.0,1380.0,0.0,0.0,0.0,173.0,0.0,0.0
Ghost,None,0.0,0.0,159.0,16.0,0.0,0.0,6.0,0.0,0.0,1181.0,239.0
Dark,Flying,0.0,799.0,280.0,71.0,242.0,0.0,26.0,80.0,40.0,81.0,0.0
Normal,None,0.0,563.0,206.0,45.0,139.0,0.0,4.0,263.0,0.0,11.0,28.0
Normal,None,0.0,512.0,243.0,15.0,573.0,0.0,10.0,407.0,0.0,244.0,25.0
Psychic,None,0.0,14.0,88.0,88.0,84.0,0.0,244.0,0.0,41.0,0.0,0.0
Poison,Dark,0.0,0.0,154.0,0.0,231.0,11.0,0.0,1.0,6.0,673.0,0.0
Poison,Dark,0.0,0.0,260.0,4.0,711.0,10.0,0.0,9.0,12.0,1322.0,0.0
Steel,Psychic,9.0,707.0,62.0,0.0,0.0,0.0,24.0,0.0,0.0,0.0,0.0
Steel,Psychic,0.0,1996.0,200.0,64.0,79.0,0.0,0.0,0.0,0.0,0.0,0.0
Rock,None,300.0,0.0,134.0,3.0,329.0,0.0,77.0,0.0,0.0,0.0,0.0
Psychic,Fairy,0.0,359.0,147.0,205.0,16.0,0.0,0.0,12.0,0.0,0.0,172.0
Normal,None,0.0,0.0,84.0,217.0,23.0,0.0,0.0,0.0,0.0,0.0,289.0
Normal,Flying,17.0,96.0,109.0,21.0,43.0,0.0,40.0,341.0,0.0,0.0,0.0
Ghost,Dark,511.0,0.0,40.0,0.0,39.0,0.0,20.0,0.0,50.0,112.0,1136.0
Dragon,Ground,0.0,956.0,133.0,191.0,8.0,0.0,0.0,2.0,0.0,0.0,0.0
Dragon,Ground,0.0,1225.0,155.0,230.0,60.0,0.0,3.0,43.0,0.0,0.0,0.0
Dragon,Ground,0.0,2037.0,170.0,283.0,58.0,0.0,93.0,68.0,0.0,0.0,11.0
Normal,None,0.0,778.0,109.0,0.0,124.0,0.0,16.0,0.0,0.0,0.0,0.0
Fighting,None,0.0,378.0,193.0,10.0,9.0,0.0,2.0,258.0,0.0,0.0,0.0
Fighting,Steel,0.0,414.0,225.0,5.0,68.0,0.0,0.0,509.0,0.0,0.0,0.0
Ground,None,0.0,0.0,200.0,0.0,715.0,0.0,561.0,10.0,68.0,0.0,0.0
Ground,None,0.0,0.0,348.0,160.0,899.0,0.0,640.0,706.0,0.0,0.0,238.0
Poison,Bug,0.0,826.0,198.0,0.0,128.0,0.0,0.0,81.0,0.0,0.0,0.0
Poison,Dark,0.0,93.0,627.0,0.0,100.0,0.0,0.0,0.0,0.0,1240.0,853.0
Poison,Fighting,0.0,522.0,191.0,34.0,27.0,0.0,16.0,106.0,18.0,0.0,0.0
Poison,Fighting,0.0,1082.0,304.0,163.0,14.0,0.0,10.0,15.0,77.0,0.0,0.0
Grass,None,1350.0,0.0,423.0,91.0,0.0,0.0,91.0,0.0,17.0,0.0,0.0
Water,None,0.0,449.0,123.0,0.0,1.0,0.0,0.0,0.0,0.0,33.0,81.0
Water,None,0.0,1283.0,243.0,0.0,1.0,0.0,0.0,0.0,0.0,6.0,15.0
Water,Flying,0.0,1217.0,128.0,0.0,0.0,0.0,0.0,0.0,0.0,0.0,0.0
Grass,Ice,118.0,367.0,0.0,0.0,676.0,0.0,0.0,158.0,0.0,0.0,0.0
Grass,Ice,759.0,560.0,0.0,0.0,640.0,0.0,0.0,0.0,0.0,34.0,0.0
Dark,Ice,0.0,554.0,278.0,223.0,60.0,0.0,9.0,0.0,0.0,30.0,438.0
Electric,Steel,0.0,1170.0,346.0,24.0,142.0,0.0,38.0,210.0,8.0,0.0,0.0
Normal,None,0.0,0.0,159.0,1673.0,40.0,0.0,137.0,11.0,0.0,0.0,119.0
Ground,Rock,0.0,500.0,438.0,3.0,224.0,571.0,0.0,1189.0,113.0,545.0,0.0
Grass,None,0.0,2248.0,519.0,0.0,0.0,0.0,0.0,263.0,0.0,0.0,202.0
Electric,None,0.0,0.0,391.0,45.0,361.0,0.0,1463.0,678.0,0.0,0.0,0.0
Fire,None,0.0,0.0,396.0,1436.0,32.0,0.0,754.0,122.0,184.0,0.0,0.0
Fairy,Flying,0.0,247.0,151.0,32.0,1192.0,0.0,0.0,0.0,14.0,0.0,0.0
Bug,Flying,480.0,0.0,290.0,478.0,96.0,0.0,0.0,236.0,63.0,0.0,0.0
Grass,None,471.0,0.0,196.0,0.0,521.0,27.0,0.0,9.0,43.0,0.0,0.0
Ice,None,0.0,1103.0,197.0,0.0,2.0,0.0,0.0,0.0,0.0,0.0,0.0
Ground,Flying,0.0,1787.0,320.0,93.0,0.0,0.0,21.0,97.0,0.0,0.0,7.0
Ice,Ground,0.0,202.0,274.0,0.0,2034.0,0.0,0.0,310.0,774.0,0.0,68.0
Normal,None,0.0,343.0,117.0,108.0,8.0,0.0,20.0,0.0,0.0,0.0,125.0
Psychic,Fighting,373.0,285.0,243.0,39.0,359.0,0.0,0.0,0.0,20.0,0.0,0.0
Rock,Steel,0.0,1208.0,251.0,1049.0,20.0,0.0,0.0,0.0,25.0,0.0,0.0
Ghost,None,0.0,0.0,341.0,6.0,88.0,0.0,318.0,1515.0,0.0,0.0,0.0
Ice,Ghost,0.0,291.0,127.0,77.0,174.0,3.0,6.0,55.0,20.0,60.0,0.0
Electric,Ghost,25.0,488.0,21.0,114.0,13.0,80.0,0.0,0.0,0.0,0.0,0.0
Electric,Flying,0.0,0.0,116.0,237.0,62.0,305.0,903.0,216.0,0.0,0.0,0.0
Electric,Ice,0.0,4.0,320.0,771.0,64.0,977.0,0.0,12.0,0.0,842.0,0.0
Electric,Fire,0.0,0.0,121.0,1034.0,55.0,253.0,0.0,98.0,0.0,0.0,0.0
Electric,Grass,659.0,0.0,240.0,292.0,86.0,301.0,0.0,145.0,0.0,0.0,0.0
Electric,Water,0.0,860.0,116.0,584.0,45.0,503.0,0.0,134.0,0.0,0.0,0.0
Psychic,None,0.0,314.0,115.0,27.0,253.0,0.0,86.0,95.0,0.0,0.0,0.0
Psychic,None,0.0,402.0,109.0,27.0,0.0,0.0,7.0,161.0,0.0,0.0,396.0
Psychic,None,0.0,597.0,127.0,36.0,0.0,0.0,8.0,89.0,0.0,0.0,0.0
Steel,Dragon,0.0,2226.0,401.0,3.0,754.0,0.0,0.0,0.0,0.0,0.0,0.0
Water,Dragon,0.0,0.0,175.0,25.0,1923.0,0.0,0.0,739.0,0.0,473.0,0.0
Fire,Steel,0.0,0.0,328.0,331.0,573.0,124.0,0.0,703.0,102.0,0.0,223.0
Normal,None,454.0,544.0,327.0,16.0,1539.0,0.0,579.0,49.0,0.0,0.0,0.0
Ghost,Dragon,0.0,1186.0,227.0,306.0,556.0,0.0,974.0,608.0,60.0,0.0,0.0
Ghost,Dragon,0.0,1021.0,64.0,393.0,88.0,0.0,924.0,1314.0,137.0,0.0,0.0
Psychic,None,0.0,373.0,214.0,0.0,308.0,0.0,263.0,0.0,0.0,145.0,685.0
Water,None,0.0,694.0,125.0,10.0,5.0,0.0,0.0,4.0,0.0,0.0,0.0
Water,None,0.0,654.0,112.0,10.0,2.0,8.0,35.0,0.0,0.0,0.0,0.0
Dark,None,0.0,6.0,431.0,190.0,281.0,0.0,0.0,1031.0,0.0,0.0,0.0
Grass,None,375.0,0.0,89.0,73.0,56.0,0.0,18.0,33.0,0.0,0.0,25.0
Grass,Flying,294.0,0.0,103.0,130.0,186.0,0.0,0.0,199.0,0.0,0.0,25.0
Normal,None,37.0,161.0,333.0,2.0,962.0,0.0,573.0,258.0,0.0,0.0,0.0
Psychic,Fire,0.0,45.0,131.0,65.0,418.0,222.0,24.0,34.0,81.0,0.0,0.0
Grass,None,330.0,0.0,108.0,0.0,113.0,9.0,139.0,0.0,4.0,0.0,0.0
Grass,None,455.0,0.0,88.0,5.0,196.0,0.0,238.0,0.0,5.0,0.0,0.0
Grass,None,1924.0,0.0,272.0,0.0,53.0,9.0,192.0,11.0,0.0,0.0,0.0
Fire,None,0.0,0.0,115.0,67.0,139.0,259.0,29.0,0.0,58.0,0.0,0.0
Fire,Fighting,0.0,0.0,361.0,190.0,18.0,464.0,170.0,91.0,458.0,0.0,0.0
Fire,Fighting,0.0,0.0,1053.0,715.0,85.0,239.0,696.0,730.0,15.0,0.0,0.0
Water,None,0.0,215.0,67.0,0.0,76.0,27.0,11.0,87.0,0.0,0.0,0.0
Water,None,0.0,552.0,255.0,10.0,23.0,0.0,33.0,148.0,5.0,0.0,0.0
Water,None,0.0,1235.0,444.0,6.0,793.0,0.0,0.0,131.0,0.0,0.0,0.0
Normal,None,0.0,0.0,130.0,32.0,380.0,191.0,0.0,27.0,189.0,0.0,0.0
Normal,None,0.0,0.0,217.0,230.0,160.0,47.0,147.0,67.0,288.0,0.0,0.0
Normal,None,0.0,27.0,62.0,3.0,461.0,0.0,57.0,14.0,278.0,0.0,0.0
Normal,None,0.0,490.0,237.0,0.0,398.0,0.0,0.0,11.0,320.0,0.0,0.0
Normal,None,0.0,569.0,253.0,0.0,1330.0,213.0,0.0,175.0,166.0,0.0,0.0
Dark,None,9.0,0.0,183.0,55.0,144.0,0.0,0.0,0.0,0.0,90.0,459.0
Dark,None,3.0,0.0,175.0,35.0,1.0,0.0,390.0,0.0,0.0,942.0,24.0
Grass,None,529.0,0.0,156.0,11.0,210.0,1.0,0.0,13.0,40.0,0.0,0.0
Grass,None,1125.0,0.0,398.0,0.0,270.0,31.0,0.0,35.0,61.0,0.0,0.0
Fire,None,0.0,0.0,149.0,434.0,164.0,79.0,0.0,6.0,133.0,0.0,0.0
Fire,None,0.0,0.0,292.0,991.0,293.0,106.0,0.0,56.0,202.0,0.0,0.0
Water,None,0.0,578.0,140.0,0.0,205.0,14.0,0.0,4.0,57.0,0.0,0.0
Water,None,0.0,959.0,269.0,0.0,418.0,14.0,0.0,10.0,104.0,0.0,0.0
Psychic,None,0.0,0.0,65.0,379.0,41.0,0.0,0.0,0.0,0.0,80.0,162.0
Psychic,None,0.0,600.0,99.0,519.0,0.0,0.0,0.0,6.0,0.0,0.0,997.0
Normal,Flying,0.0,7.0,93.0,48.0,126.0,8.0,13.0,378.0,0.0,0.0,0.0
Normal,Flying,0.0,0.0,181.0,86.0,170.0,0.0,29.0,576.0,0.0,0.0,0.0
Normal,Flying,175.0,425.0,358.0,171.0,196.0,0.0,13.0,243.0,0.0,0.0,183.0
Electric,None,0.0,9.0,241.0,0.0,72.0,0.0,6.0,661.0,0.0,0.0,0.0
Electric,None,0.0,10.0,450.0,0.0,323.0,0.0,6.0,916.0,0.0,0.0,0.0
Rock,None,0.0,178.0,121.0,0.0,74.0,20.0,23.0,0.0,43.0,0.0,0.0
Rock,None,0.0,995.0,258.0,335.0,0.0,0.0,26.0,0.0,13.0,0.0,0.0
Rock,None,0.0,1324.0,399.0,1148.0,0.0,0.0,10.0,52.0,0.0,0.0,0.0
Psychic,Flying,0.0,500.0,254.0,90.0,0.0,0.0,0.0,133.0,0.0,0.0,0.0
Psychic,Flying,0.0,267.0,245.0,85.0,352.0,0.0,0.0,983.0,49.0,0.0,0.0
Ground,None,0.0,146.0,202.0,38.0,208.0,0.0,0.0,790.0,0.0,0.0,0.0
Ground,Steel,0.0,0.0,348.0,234.0,1467.0,0.0,0.0,601.0,64.0,0.0,0.0
Normal,None,0.0,20.0,135.0,537.0,727.0,0.0,0.0,13.0,71.0,0.0,0.0
Fighting,None,0.0,0.0,149.0,118.0,328.0,0.0,124.0,188.0,150.0,0.0,0.0
Fighting,None,0.0,0.0,285.0,708.0,490.0,0.0,0.0,276.0,0.0,0.0,320.0
Fighting,None,0.0,0.0,380.0,50.0,906.0,0.0,0.0,1571.0,122.0,0.0,300.0
Water,None,0.0,146.0,87.0,0.0,169.0,0.0,0.0,173.0,3.0,0.0,0.0
Water,Ground,157.0,280.0,124.0,0.0,319.0,0.0,0.0,397.0,12.0,0.0,0.0
Water,Ground,603.0,1125.0,362.0,25.0,2.0,0.0,0.0,630.0,0.0,0.0,0.0
Fighting,None,0.0,0.0,218.0,442.0,910.0,0.0,0.0,304.0,0.0,0.0,0.0
Fighting,None,436.0,590.0,288.0,0.0,11.0,0.0,0.0,416.0,0.0,0.0,0.0
Bug,Grass,304.0,0.0,111.0,0.0,57.0,43.0,122.0,10.0,0.0,0.0,0.0
Bug,Grass,730.0,0.0,140.0,0.0,11.0,0.0,98.0,0.0,0.0,0.0,0.0
Bug,Grass,663.0,0.0,294.0,9.0,21.0,0.0,248.0,0.0,0.0,0.0,0.0
Bug,Poison,95.0,0.0,206.0,432.0,0.0,1.0,11.0,131.0,0.0,0.0,67.0
Bug,Poison,0.0,161.0,207.0,0.0,0.0,0.0,7.0,128.0,0.0,795.0,117.0
Bug,Poison,0.0,509.0,453.0,240.0,0.0,0.0,5.0,0.0,0.0,216.0,1189.0
Grass,Fairy,188.0,0.0,75.0,0.0,340.0,18.0,0.0,134.0,0.0,0.0,0.0
Grass,Fairy,199.0,0.0,148.0,10.0,1801.0,10.0,0.0,0.0,0.0,0.0,0.0
Grass,None,532.0,0.0,130.0,6.0,23.0,0.0,0.0,0.0,0.0,0.0,0.0
Grass,None,1279.0,0.0,319.0,213.0,26.0,0.0,123.0,0.0,89.0,0.0,0.0
Water,None,318.0,145.0,136.0,0.0,134.0,0.0,0.0,151.0,0.0,0.0,0.0
Water,None,313.0,81.0,152.0,63.0,132.0,0.0,0.0,207.0,0.0,0.0,0.0
Ground,Dark,0.0,0.0,214.0,34.0,216.0,0.0,98.0,112.0,66.0,0.0,0.0
Ground,Dark,0.0,0.0,375.0,154.0,357.0,0.0,208.0,303.0,89.0,0.0,0.0
Ground,Dark,0.0,417.0,718.0,1237.0,417.0,0.0,0.0,247.0,104.0,0.0,0.0
Fire,None,0.0,0.0,130.0,423.0,14.0,83.0,108.0,15.0,0.0,0.0,0.0
Ice,None,76.0,125.0,128.0,0.0,369.0,0.0,0.0,57.0,0.0,0.0,0.0
Fire,None,0.0,0.0,198.0,1075.0,341.0,0.0,140.0,30.0,63.0,0.0,0.0
Ice,None,66.0,273.0,274.0,0.0,1683.0,0.0,0.0,127.0,0.0,0.0,0.0
Fire,Psychic,0.0,923.0,156.0,0.0,43.0,12.0,0.0,16.0,11.0,0.0,0.0
Ice,Fire,84.0,0.0,188.0,271.0,1027.0,203.0,0.0,94.0,60.0,0.0,0.0
Grass,None,1182.0,0.0,215.0,0.0,0.0,0.0,193.0,0.0,0.0,0.0,250.0
Bug,Rock,0.0,0.0,134.0,0.0,67.0,237.0,0.0,445.0,0.0,0.0,0.0
Bug,Rock,0.0,0.0,209.0,155.0,2382.0,136.0,346.0,15.0,0.0,0.0,0.0
Dark,Fighting,0.0,0.0,141.0,46.0,127.0,0.0,298.0,31.0,0.0,0.0,0.0
Dark,Fighting,0.0,0.0,245.0,247.0,9.0,311.0,396.0,104.0,58.0,0.0,0.0
Psychic,Flying,83.0,315.0,588.0,101.0,0.0,0.0,551.0,464.0,38.0,0.0,18.0
Ghost,None,0.0,0.0,153.0,39.0,4.0,123.0,5.0,425.0,0.0,0.0,0.0
Ground,Ghost,0.0,0.0,159.0,34.0,68.0,0.0,0.0,456.0,0.0,40.0,0.0
Ghost,None,0.0,407.0,273.0,37.0,6.0,181.0,549.0,1427.0,0.0,0.0,0.0
Water,Rock,0.0,914.0,163.0,11.0,7.0,0.0,0.0,0.0,0.0,0.0,0.0
Water,Rock,0.0,2016.0,344.0,0.0,1.0,0.0,0.0,0.0,0.0,0.0,0.0
Rock,Flying,0.0,241.0,243.0,120.0,143.0,0.0,201.0,22.0,151.0,0.0,0.0
Rock,Flying,216.0,859.0,490.0,111.0,181.0,0.0,461.0,21.0,138.0,0.0,0.0
Poison,None,469.0,3.0,127.0,0.0,84.0,0.0,0.0,0.0,0.0,0.0,11.0
Poison,None,1024.0,130.0,355.0,0.0,1600.0,0.0,0.0,48.0,0.0,0.0,155.0
Dark,None,0.0,715.0,193.0,156.0,0.0,0.0,0.0,0.0,0.0,0.0,0.0
Dark,None,0.0,530.0,320.0,601.0,2.0,0.0,0.0,529.0,0.0,0.0,71.0
Normal,None,0.0,0.0,181.0,46.0,1062.0,0.0,0.0,169.0,0.0,0.0,0.0
Normal,None,0.0,0.0,233.0,58.0,1136.0,0.0,0.0,278.0,0.0,0.0,0.0
Psychic,None,0.0,18.0,138.0,4.0,43.0,0.0,0.0,129.0,6.0,0.0,171.0
Psychic,None,0.0,13.0,230.0,4.0,107.0,0.0,0.0,601.0,6.0,0.0,34.0
Psychic,None,0.0,7.0,332.0,2.0,111.0,0.0,0.0,1333.0,7.0,0.0,78.0
Psychic,None,335.0,0.0,58.0,21.0,127.0,0.0,21.0,60.0,0.0,0.0,0.0
Psychic,None,1030.0,0.0,89.0,10.0,228.0,0.0,0.0,0.0,7.0,0.0,0.0
Psychic,None,1588.0,0.0,175.0,53.0,361.0,0.0,16.0,0.0,55.0,0.0,0.0
Water,Flying,0.0,421.0,67.0,0.0,59.0,0.0,26.0,0.0,0.0,0.0,0.0
Water,Flying,0.0,265.0,176.0,0.0,206.0,0.0,13.0,113.0,0.0,0.0,0.0
Ice,None,0.0,202.0,33.0,0.0,64.0,0.0,0.0,0.0,0.0,0.0,0.0
Ice,None,0.0,519.0,63.0,0.0,96.0,0.0,0.0,0.0,0.0,0.0,0.0
Ice,None,0.0,779.0,80.0,0.0,198.0,0.0,0.0,0.0,0.0,63.0,0.0
Normal,Grass,0.0,0.0,143.0,0.0,410.0,0.0,126.0,19.0,76.0,0.0,0.0
Normal,Grass,0.0,0.0,352.0,38.0,5.0,16.0,3.0,287.0,535.0,0.0,0.0
Electric,Flying,0.0,0.0,246.0,37.0,65.0,0.0,273.0,281.0,0.0,0.0,0.0
Bug,None,0.0,271.0,65.0,0.0,0.0,4.0,172.0,169.0,0.0,0.0,0.0
Bug,Steel,0.0,143.0,290.0,739.0,598.0,3.0,59.0,375.0,0.0,0.0,0.0
Grass,Poison,0.0,0.0,83.0,16.0,385.0,0.0,0.0,0.0,84.0,0.0,13.0
Grass,Poison,0.0,0.0,217.0,13.0,587.0,0.0,0.0,319.0,616.0,0.0,390.0
Water,Ghost,0.0,1121.0,184.0,4.0,217.0,0.0,0.0,0.0,0.0,0.0,0.0
Water,Ghost,0.0,1524.0,248.0,10.0,984.0,0.0,0.0,0.0,0.0,0.0,0.0
Water,None,0.0,31.0,103.0,1368.0,26.0,0.0,7.0,0.0,0.0,0.0,92.0
Bug,Electric,16.0,64.0,107.0,0.0,8.0,0.0,597.0,0.0,0.0,0.0,0.0
Bug,Electric,0.0,353.0,237.0,0.0,115.0,0.0,825.0,169.0,0.0,0.0,0.0
Grass,Steel,180.0,0.0,93.0,0.0,142.0,4.0,4.0,224.0,0.0,0.0,0.0
Grass,Steel,456.0,0.0,283.0,0.0,434.0,5.0,15.0,526.0,0.0,0.0,0.0
Steel,None,0.0,36.0,116.0,0.0,290.0,0.0,0.0,386.0,0.0,0.0,0.0
Steel,None,0.0,106.0,226.0,0.0,351.0,0.0,0.0,1202.0,0.0,0.0,0.0
Steel,None,0.0,106.0,366.0,12.0,661.0,0.0,0.0,1215.0,22.0,0.0,0.0
Electric,None,0.0,0.0,30.0,11.0,324.0,4.0,23.0,32.0,0.0,0.0,0.0
Electric,None,0.0,589.0,166.0,275.0,306.0,0.0,139.0,0.0,0.0,0.0,0.0
Electric,None,0.0,1461.0,337.0,180.0,473.0,0.0,246.0,21.0,0.0,0.0,0.0
Psychic,None,606.0,0.0,102.0,7.0,0.0,0.0,6.0,93.0,0.0,0.0,0.0
Psychic,None,60.0,0.0,137.0,8.0,761.0,0.0,4.0,100.0,279.0,0.0,0.0
Ghost,Fire,0.0,161.0,98.0,0.0,235.0,0.0,16.0,29.0,0.0,0.0,0.0
Ghost,Fire,0.0,78.0,249.0,0.0,119.0,0.0,24.0,469.0,0.0,0.0,0.0
Ghost,Fire,0.0,553.0,307.0,0.0,94.0,0.0,22.0,403.0,0.0,0.0,0.0
Dragon,None,669.0,0.0,124.0,12.0,4.0,0.0,0.0,0.0,0.0,0.0,0.0
Dragon,None,479.0,0.0,241.0,268.0,0.0,0.0,0.0,763.0,0.0,0.0,0.0
Dragon,None,489.0,361.0,441.0,276.0,0.0,0.0,742.0,310.0,0.0,0.0,0.0
Ice,None,0.0,425.0,93.0,0.0,62.0,0.0,0.0,20.0,0.0,0.0,0.0
Ice,None,0.0,414.0,265.0,0.0,1925.0,0.0,0.0,78.0,0.0,0.0,0.0
Ice,None,0.0,2115.0,401.0,0.0,142.0,0.0,0.0,0.0,0.0,0.0,0.0
Bug,None,9.0,112.0,127.0,125.0,247.0,0.0,0.0,286.0,0.0,0.0,0.0
Bug,None,96.0,854.0,185.0,296.0,71.0,0.0,0.0,0.0,0.0,0.0,35.0
Ground,Electric,0.0,0.0,150.0,492.0,136.0,0.0,282.0,0.0,150.0,0.0,0.0
Ground,Steel,147.0,0.0,117.0,24.0,47.0,0.0,0.0,652.0,145.0,0.0,0.0
Fighting,None,0.0,0.0,92.0,329.0,370.0,0.0,83.0,7.0,0.0,0.0,0.0
Fighting,None,0.0,0.0,207.0,3.0,683.0,32.0,0.0,21.0,4.0,439.0,136.0
Dragon,None,0.0,1495.0,486.0,270.0,68.0,0.0,75.0,8.0,0.0,0.0,259.0
Ground,Ghost,346.0,940.0,221.0,0.0,219.0,59.0,0.0,0.0,78.0,0.0,0.0
Ground,Ghost,0.0,2600.0,310.0,0.0,357.0,160.0,0.0,0.0,180.0,0.0,0.0
Dark,Steel,0.0,32.0,197.0,263.0,3.0,4.0,0.0,301.0,0.0,0.0,0.0
Dark,Steel,0.0,87.0,308.0,410.0,412.0,0.0,110.0,268.0,0.0,0.0,0.0
Normal,None,0.0,0.0,317.0,0.0,1155.0,232.0,61.0,81.0,245.0,0.0,0.0
Normal,Flying,0.0,222.0,137.0,28.0,530.0,0.0,53.0,0.0,0.0,0.0,0.0
Normal,Flying,0.0,1384.0,465.0,1115.0,277.0,0.0,201.0,0.0,0.0,0.0,0.0
Dark,Flying,0.0,0.0,275.0,113.0,321.0,0.0,0.0,209.0,438.0,0.0,0.0
Dark,Flying,0.0,0.0,534.0,273.0,500.0,0.0,0.0,270.0,584.0,0.0,0.0
Fire,None,0.0,0.0,309.0,390.0,690.0,39.0,248.0,0.0,504.0,0.0,0.0
Bug,Steel,0.0,0.0,265.0,8.0,175.0,0.0,0.0,443.0,0.0,0.0,0.0
Dark,Dragon,0.0,237.0,177.0,9.0,0.0,0.0,0.0,406.0,0.0,0.0,87.0
Dark,Dragon,0.0,350.0,303.0,3.0,9.0,0.0,0.0,923.0,0.0,0.0,194.0
Dark,Dragon,0.0,569.0,322.0,59.0,2.0,0.0,0.0,952.0,0.0,0.0,921.0
Bug,Fire,0.0,8.0,110.0,213.0,118.0,80.0,20.0,141.0,0.0,0.0,0.0
Bug,Fire,0.0,205.0,129.0,928.0,349.0,651.0,0.0,432.0,0.0,0.0,0.0
Steel,Fighting,0.0,816.0,263.0,0.0,540.0,0.0,50.0,242.0,0.0,0.0,0.0
Rock,Fighting,0.0,0.0,418.0,0.0,1736.0,105.0,0.0,516.0,108.0,0.0,0.0
Grass,Fighting,967.0,0.0,155.0,39.0,206.0,0.0,0.0,129.0,0.0,0.0,73.0
Flying,None,584.0,0.0,439.0,0.0,527.0,0.0,9.0,99.0,57.0,701.0,0.0
Flying,None,1095.0,0.0,310.0,4.0,235.0,0.0,0.0,95.0,31.0,1000.0,0.0
Electric,Flying,0.0,898.0,451.0,0.0,432.0,13.0,0.0,585.0,0.0,0.0,0.0
Electric,Flying,0.0,1273.0,594.0,0.0,218.0,6.0,0.0,290.0,0.0,0.0,0.0
Dragon,Fire,0.0,1127.0,547.0,0.0,1395.0,0.0,0.0,0.0,0.0,0.0,0.0
Dragon,Electric,0.0,1156.0,1903.0,7.0,1.0,0.0,0.0,1245.0,0.0,0.0,0.0
Ground,Flying,0.0,0.0,359.0,417.0,1121.0,376.0,12.0,148.0,206.0,0.0,0.0
Ground,Flying,0.0,0.0,332.0,907.0,994.0,0.0,12.0,178.0,407.0,0.0,0.0
Dragon,Ice,0.0,1637.0,225.0,0.0,147.0,0.0,30.0,745.0,0.0,0.0,0.0
Dragon,Ice,1786.0,0.0,1025.0,0.0,806.0,0.0,50.0,987.0,0.0,0.0,0.0
Dragon,Ice,1093.0,0.0,546.0,0.0,1506.0,0.0,24.0,272.0,0.0,0.0,0.0
Water,Fighting,0.0,531.0,262.0,287.0,374.0,0.0,0.0,4.0,0.0,0.0,0.0
Water,Fighting,25.0,608.0,251.0,451.0,235.0,22.0,50.0,31.0,0.0,0.0,0.0
Normal,Psychic,431.0,0.0,122.0,7.0,264.0,0.0,0.0,181.0,0.0,0.0,0.0
Normal,Fighting,0.0,0.0,161.0,345.0,289.0,0.0,0.0,325.0,91.0,0.0,0.0
Bug,Steel,0.0,0.0,366.0,27.0,0.0,0.0,30.0,3.0,14.0,1226.0,345.0
Grass,None,346.0,0.0,180.0,12.0,331.0,0.0,0.0,0.0,0.0,0.0,0.0
Grass,None,705.0,0.0,101.0,65.0,48.0,332.0,0.0,30.0,285.0,0.0,0.0
Grass,Fighting,628.0,0.0,401.0,80.0,1780.0,135.0,0.0,56.0,222.0,0.0,0.0
Fire,None,0.0,0.0,158.0,314.0,123.0,0.0,459.0,16.0,0.0,0.0,0.0
Fire,None,0.0,0.0,391.0,323.0,185.0,24.0,562.0,98.0,0.0,0.0,0.0
Fire,Psychic,0.0,0.0,346.0,2142.0,109.0,39.0,666.0,20.0,0.0,0.0,0.0
Water,None,0.0,345.0,133.0,0.0,238.0,0.0,0.0,47.0,0.0,0.0,0.0
Water,None,0.0,787.0,211.0,0.0,265.0,0.0,21.0,80.0,0.0,0.0,0.0
Water,Dark,0.0,959.0,285.0,377.0,388.0,0.0,0.0,55.0,0.0,0.0,0.0
Water,Dark,0.0,1322.0,415.0,499.0,199.0,0.0,0.0,0.0,0.0,0.0,0.0
Normal,None,0.0,0.0,178.0,33.0,694.0,0.0,0.0,231.0,0.0,0.0,0.0
Normal,Ground,0.0,0.0,246.0,6.0,1269.0,0.0,225.0,329.0,558.0,0.0,0.0
Normal,Flying,0.0,138.0,167.0,171.0,39.0,0.0,4.0,122.0,0.0,0.0,0.0
Fire,Flying,0.0,202.0,320.0,182.0,36.0,89.0,345.0,82.0,0.0,0.0,0.0
Fire,Flying,0.0,0.0,461.0,553.0,640.0,0.0,115.0,591.0,0.0,0.0,0.0
Bug,None,0.0,0.0,94.0,0.0,131.0,12.0,0.0,410.0,0.0,0.0,0.0
Bug,None,0.0,0.0,79.0,26.0,465.0,0.0,4.0,254.0,0.0,0.0,0.0
Bug,Flying,0.0,70.0,317.0,187.0,247.0,0.0,34.0,726.0,0.0,0.0,1240.0
Fire,Normal,0.0,0.0,164.0,76.0,390.0,0.0,0.0,494.0,0.0,0.0,0.0
Fire,Normal,4.0,0.0,336.0,726.0,633.0,0.0,588.0,0.0,221.0,0.0,0.0
Fairy,None,108.0,0.0,143.0,341.0,215.0,0.0,188.0,58.0,76.0,0.0,0.0
Fairy,None,248.0,0.0,174.0,275.0,212.0,0.0,52.0,65.0,52.0,0.0,0.0
Fairy,None,0.0,115.0,316.0,102.0,212.0,0.0,0.0,418.0,55.0,0.0,0.0
Fairy,None,947.0,0.0,403.0,446.0,189.0,0.0,12.0,77.0,0.0,0.0,244.0
Grass,None,270.0,0.0,213.0,0.0,618.0,49.0,0.0,79.0,0.0,0.0,0.0
Grass,None,536.0,0.0,415.0,71.0,805.0,0.0,0.0,179.0,20.0,0.0,0.0
Fighting,None,17.0,101.0,126.0,0.0,282.0,0.0,0.0,241.0,0.0,0.0,0.0
Fighting,Dark,23.0,178.0,435.0,0.0,841.0,0.0,0.0,1861.0,0.0,0.0,0.0
Normal,None,0.0,5.0,279.0,3.0,1140.0,0.0,0.0,294.0,0.0,0.0,0.0
Psychic,None,0.0,8.0,31.0,0.0,397.0,0.0,0.0,306.0,0.0,0.0,26.0
Psychic,None,0.0,359.0,188.0,4.0,840.0,0.0,18.0,145.0,0.0,0.0,0.0
Psychic,None,13.0,814.0,186.0,0.0,386.0,0.0,0.0,80.0,0.0,0.0,0.0
Steel,Ghost,0.0,455.0,150.0,0.0,399.0,0.0,0.0,122.0,0.0,0.0,0.0
Steel,Ghost,0.0,0.0,255.0,0.0,677.0,0.0,0.0,173.0,0.0,0.0,435.0
Steel,Ghost,0.0,308.0,274.0,0.0,884.0,0.0,463.0,326.0,0.0,0.0,0.0
Steel,Ghost,0.0,383.0,271.0,0.0,565.0,0.0,423.0,263.0,0.0,0.0,0.0
Fairy,None,0.0,0.0,99.0,510.0,108.0,0.0,0.0,62.0,0.0,0.0,23.0
Fairy,None,0.0,0.0,202.0,698.0,92.0,0.0,0.0,55.0,0.0,0.0,631.0
Fairy,None,0.0,0.0,85.0,177.0,617.0,0.0,0.0,0.0,0.0,0.0,0.0
Fairy,None,0.0,0.0,139.0,857.0,439.0,0.0,0.0,0.0,0.0,0.0,0.0
Dark,Psychic,0.0,255.0,141.0,248.0,364.0,0.0,0.0,62.0,0.0,0.0,0.0
Dark,Psychic,0.0,1454.0,310.0,0.0,694.0,0.0,0.0,0.0,0.0,340.0,174.0
Rock,Water,205.0,269.0,141.0,0.0,561.0,104.0,0.0,0.0,0.0,0.0,0.0
Rock,Water,316.0,502.0,328.0,15.0,1423.0,298.0,0.0,0.0,0.0,0.0,0.0
Poison,Water,0.0,92.0,90.0,9.0,0.0,274.0,0.0,0.0,173.0,84.0,0.0
Poison,Dragon,0.0,0.0,433.0,712.0,72.0,588.0,46.0,0.0,269.0,217.0,0.0
Water,None,0.0,474.0,213.0,0.0,6.0,0.0,117.0,113.0,0.0,0.0,0.0
Water,None,0.0,1929.0,452.0,0.0,0.0,0.0,503.0,288.0,0.0,0.0,0.0
Electric,Normal,0.0,13.0,162.0,0.0,37.0,0.0,323.0,218.0,0.0,0.0,0.0
Electric,Normal,0.0,8.0,321.0,0.0,18.0,137.0,643.0,366.0,55.0,0.0,0.0
Rock,Dragon,0.0,0.0,220.0,0.0,479.0,37.0,0.0,175.0,637.0,0.0,0.0
Rock,Dragon,0.0,0.0,441.0,1465.0,673.0,410.0,0.0,113.0,0.0,0.0,216.0
Rock,Ice,0.0,561.0,116.0,158.0,137.0,0.0,0.0,0.0,0.0,0.0,0.0
Rock,Ice,0.0,1699.0,244.0,0.0,957.0,0.0,0.0,0.0,0.0,0.0,0.0
Fairy,None,0.0,145.0,241.0,371.0,497.0,0.0,0.0,30.0,0.0,0.0,95.0
Fighting,Flying,665.0,0.0,269.0,394.0,326.0,157.0,67.0,43.0,0.0,0.0,0.0
Electric,Fairy,0.0,0.0,235.0,0.0,145.0,21.0,376.0,94.0,0.0,0.0,0.0
Rock,Fairy,0.0,598.0,69.0,0.0,165.0,0.0,0.0,48.0,0.0,0.0,0.0
Dragon,None,65.0,0.0,24.0,0.0,260.0,0.0,0.0,98.0,0.0,184.0,0.0
Dragon,None,42.0,0.0,80.0,0.0,520.0,0.0,0.0,170.0,0.0,343.0,0.0
Dragon,None,142.0,0.0,184.0,0.0,928.0,0.0,0.0,546.0,0.0,592.0,0.0
Steel,Fairy,0.0,0.0,453.0,55.0,345.0,0.0,104.0,300.0,73.0,0.0,0.0
Ghost,Grass,60.0,82.0,120.0,24.0,335.0,0.0,0.0,98.0,104.0,0.0,0.0
Ghost,Grass,516.0,0.0,688.0,9.0,2003.0,0.0,0.0,0.0,0.0,0.0,0.0
Ghost,Grass,0.0,0.0,72.0,181.0,546.0,0.0,13.0,0.0,0.0,0.0,0.0
Ghost,Grass,0.0,0.0,339.0,630.0,240.0,76.0,450.0,0.0,456.0,0.0,0.0
Ice,None,0.0,636.0,69.0,0.0,150.0,0.0,13.0,6.0,0.0,32.0,0.0
Ice,None,0.0,2522.0,164.0,0.0,254.0,4.0,6.0,14.0,0.0,301.0,0.0
Flying,Dragon,0.0,0.0,225.0,0.0,170.0,0.0,11.0,493.0,0.0,508.0,0.0
Flying,Dragon,275.0,0.0,298.0,167.0,295.0,0.0,7.0,1819.0,0.0,1047.0,0.0
Fairy,None,0.0,621.0,653.0,28.0,694.0,54.0,18.0,357.0,128.0,28.0,0.0
Dark,Flying,0.0,4.0,925.0,1163.0,1.0,0.0,0.0,2055.0,0.0,0.0,0.0
Dragon,Ground,485.0,0.0,50.0,0.0,24.0,0.0,0.0,0.0,0.0,0.0,0.0
Dragon,Ground,366.0,0.0,381.0,11.0,25.0,0.0,0.0,857.0,0.0,0.0,0.0
Dragon,Ground,1248.0,0.0,617.0,0.0,18.0,0.0,0.0,1369.0,0.0,0.0,0.0
Dragon,Ground,651.0,67.0,1386.0,318.0,236.0,8.0,0.0,3216.0,0.0,0.0,0.0
Rock,Fairy,0.0,0.0,152.0,393.0,636.0,0.0,16.0,305.0,0.0,0.0,98.0
Psychic,Ghost,15.0,0.0,135.0,339.0,294.0,0.0,232.0,244.0,0.0,0.0,8.0
Psychic,Dark,0.0,1633.0,681.0,0.0,9.0,0.0,563.0,192.0,0.0,0.0,1570.0
Fire,Water,0.0,399.0,376.0,2385.0,3.0,161.0,225.0,0.0,0.0,0.0,0.0
Grass,Flying,84.0,0.0,116.0,0.0,547.0,37.0,0.0,26.0,0.0,0.0,0.0
Grass,Flying,269.0,0.0,164.0,136.0,534.0,51.0,0.0,60.0,17.0,0.0,0.0
Grass,Ghost,633.0,62.0,268.0,261.0,701.0,0.0,0.0,63.0,78.0,0.0,0.0
Fire,None,0.0,549.0,174.0,232.0,20.0,0.0,28.0,9.0,0.0,0.0,0.0
Fire,None,0.0,0.0,204.0,702.0,418.0,0.0,33.0,101.0,0.0,0.0,0.0
Fire,Dark,3.0,0.0,925.0,1334.0,30.0,115.0,24.0,713.0,0.0,0.0,0.0
Water,None,0.0,667.0,89.0,30.0,74.0,0.0,0.0,17.0,0.0,0.0,0.0
Water,None,0.0,581.0,149.0,32.0,339.0,0.0,0.0,159.0,0.0,0.0,0.0
Water,Fairy,0.0,1192.0,313.0,135.0,629.0,0.0,0.0,278.0,0.0,0.0,0.0
Normal,Flying,0.0,22.0,206.0,126.0,127.0,0.0,0.0,99.0,0.0,0.0,0.0
Normal,Flying,0.0,43.0,146.0,47.0,68.0,24.0,0.0,476.0,79.0,0.0,0.0
Normal,Flying,0.0,71.0,373.0,185.0,172.0,58.0,168.0,479.0,0.0,0.0,0.0
Normal,None,0.0,0.0,138.0,344.0,13.0,171.0,156.0,32.0,270.0,0.0,0.0
Normal,None,0.0,0.0,223.0,3.0,617.0,67.0,486.0,23.0,309.0,0.0,0.0
Bug,None,0.0,0.0,102.0,146.0,175.0,41.0,138.0,45.0,0.0,0.0,0.0
Bug,Electric,779.0,38.0,64.0,0.0,81.0,43.0,0.0,13.0,22.0,0.0,0.0
Bug,Electric,0.0,842.0,236.0,0.0,577.0,14.0,113.0,207.0,0.0,0.0,0.0
Fighting,None,0.0,657.0,235.0,0.0,325.0,0.0,0.0,0.0,0.0,505.0,0.0
Fighting,Ice,0.0,1654.0,396.0,49.0,1872.0,0.0,0.0,386.0,0.0,0.0,8.0
Fire,Flying,0.0,8.0,184.0,763.0,25.0,0.0,0.0,372.0,0.0,0.0,0.0
Psychic,Flying,0.0,0.0,190.0,414.0,591.0,0.0,0.0,0.0,86.0,0.0,0.0
Electric,Flying,0.0,0.0,156.0,68.0,193.0,97.0,840.0,1.0,0.0,0.0,0.0
Ghost,Flying,0.0,1155.0,227.0,72.0,102.0,0.0,0.0,0.0,0.0,94.0,0.0
Bug,Fairy,0.0,0.0,112.0,0.0,272.0,80.0,113.0,66.0,0.0,0.0,0.0
Bug,Fairy,0.0,0.0,224.0,0.0,440.0,179.0,130.0,104.0,80.0,0.0,0.0
Rock,None,0.0,19.0,161.0,193.0,729.0,0.0,0.0,0.0,0.0,0.0,0.0
Rock,None,4.0,0.0,306.0,100.0,1320.0,455.0,0.0,0.0,0.0,0.0,0.0
Rock,None,0.0,4.0,289.0,158.0,1455.0,0.0,0.0,0.0,91.0,0.0,0.0
Rock,None,0.0,0.0,350.0,560.0,1485.0,0.0,0.0,0.0,0.0,0.0,0.0
Water,None,0.0,3381.0,264.0,0.0,150.0,0.0,0.0,50.0,0.0,0.0,0.0
Water,None,0.0,127.0,73.0,9.0,222.0,0.0,0.0,103.0,0.0,0.0,0.0
Poison,Water,0.0,885.0,222.0,0.0,17.0,4.0,5.0,0.0,0.0,272.0,76.0
Poison,Water,0.0,2217.0,413.0,114.0,0.0,133.0,20.0,0.0,0.0,0.0,330.0
Ground,None,0.0,105.0,285.0,468.0,114.0,0.0,0.0,68.0,221.0,0.0,0.0
Ground,None,0.0,223.0,404.0,712.0,3.0,0.0,0.0,687.0,898.0,0.0,0.0
Water,Bug,205.0,280.0,90.0,0.0,155.0,0.0,100.0,0.0,0.0,0.0,0.0
Water,Bug,147.0,1687.0,351.0,0.0,167.0,0.0,125.0,0.0,0.0,0.0,0.0
Grass,None,520.0,0.0,72.0,225.0,22.0,0.0,0.0,0.0,0.0,0.0,0.0
Grass,None,104.0,0.0,211.0,1240.0,198.0,0.0,0.0,40.0,0.0,0.0,0.0
Grass,Fairy,28.0,16.0,93.0,112.0,247.0,0.0,0.0,0.0,0.0,96.0,40.0
Grass,Fairy,877.0,0.0,283.0,0.0,264.0,0.0,0.0,0.0,0.0,260.0,1064.0
Poison,Fire,0.0,8.0,244.0,25.0,2.0,0.0,0.0,416.0,473.0,21.0,0.0
Poison,Fire,0.0,174.0,270.0,132.0,1.0,0.0,0.0,821.0,0.0,5.0,44.0
Normal,Fighting,0.0,0.0,150.0,301.0,189.0,0.0,0.0,32.0,266.0,0.0,4.0
Normal,Fighting,0.0,0.0,258.0,404.0,293.0,0.0,0.0,1416.0,0.0,0.0,0.0
Grass,None,306.0,0.0,75.0,321.0,45.0,0.0,2.0,5.0,0.0,0.0,0.0
Grass,None,560.0,0.0,176.0,124.0,293.0,0.0,8.0,0.0,0.0,0.0,76.0
Grass,None,1149.0,0.0,240.0,266.0,271.0,0.0,130.0,0.0,0.0,0.0,274.0
Fairy,None,311.0,0.0,254.0,225.0,239.0,0.0,246.0,41.0,0.0,0.0,111.0
Normal,Psychic,395.0,18.0,353.0,0.0,823.0,47.0,0.0,173.0,185.0,387.0,0.0
Fighting,None,387.0,0.0,277.0,0.0,1572.0,16.0,5.0,0.0,0.0,0.0,0.0
Bug,Water,0.0,75.0,104.0,0.0,233.0,0.0,26.0,74.0,0.0,102.0,308.0
Bug,Water,929.0,0.0,529.0,32.0,1201.0,0.0,0.0,367.0,0.0,163.0,495.0
Ghost,Ground,8.0,0.0,127.0,51.0,747.0,0.0,0.0,23.0,12.0,0.0,0.0
Ghost,Ground,0.0,10.0,110.0,22.0,24.0,1619.0,0.0,0.0,402.0,0.0,0.0
Water,None,0.0,0.0,212.0,152.0,31.0,0.0,0.0,306.0,0.0,0.0,0.0
Normal,None,141.0,100.0,462.0,537.0,98.0,0.0,0.0,649.0,533.0,32.0,0.0
Normal,None,116.0,104.0,320.0,20.0,1130.0,0.0,0.0,310.0,427.0,32.0,0.0
Rock,Flying,0.0,478.0,64.0,0.0,201.0,0.0,0.0,0.0,0.0,0.0,0.0
Rock,Flying,0.0,0.0,207.0,464.0,11.0,0.0,0.0,32.0,229.0,0.0,0.0
Normal,None,0.0,523.0,97.0,0.0,233.0,0.0,97.0,71.0,0.0,0.0,0.0
Fire,Dragon,0.0,0.0,325.0,974.0,334.0,144.0,306.0,0.0,373.0,0.0,0.0
Electric,Steel,0.0,0.0,108.0,0.0,575.0,0.0,29.0,215.0,0.0,0.0,0.0
Ghost,Fairy,0.0,0.0,144.0,0.0,555.0,93.0,0.0,63.0,0.0,0.0,0.0
Ghost,Fairy,0.0,0.0,127.0,0.0,496.0,21.0,0.0,92.0,0.0,0.0,0.0
Water,Psychic,0.0,231.0,93.0,56.0,13.0,0.0,183.0,6.0,0.0,95.0,266.0
Normal,Dragon,370.0,718.0,236.0,5.0,1635.0,22.0,41.0,246.0,0.0,0.0,11.0
Ghost,Grass,0.0,1339.0,323.0,7.0,22.0,183.0,203.0,17.0,254.0,39.0,127.0
Dragon,None,0.0,0.0,193.0,7.0,329.0,0.0,245.0,246.0,0.0,0.0,0.0
Dragon,Fighting,0.0,0.0,295.0,41.0,410.0,0.0,376.0,500.0,0.0,0.0,0.0
Dragon,Fighting,0.0,0.0,543.0,156.0,177.0,322.0,865.0,1411.0,0.0,0.0,0.0
Electric,Fairy,5.0,0.0,491.0,63.0,368.0,325.0,1152.0,264.0,0.0,0.0,0.0
Psychic,Fairy,8.0,0.0,242.0,369.0,76.0,0.0,0.0,189.0,0.0,0.0,397.0
Grass,Fairy,5.0,0.0,315.0,601.0,113.0,0.0,311.0,609.0,258.0,0.0,0.0
Water,Fairy,3.0,392.0,443.0,0.0,39.0,0.0,0.0,189.0,0.0,784.0,0.0
Psychic,None,72.0,469.0,92.0,0.0,31.0,24.0,36.0,0.0,0.0,184.0,17.0
Psychic,None,0.0,138.0,130.0,0.0,34.0,256.0,410.0,0.0,0.0,37.0,6.0
Psychic,Steel,0.0,72.0,531.0,0.0,2695.0,0.0,663.0,299.0,0.0,0.0,0.0
Psychic,Ghost,0.0,2878.0,421.0,0.0,1162.0,0.0,530.0,155.0,0.0,54.0,12.0
Rock,Poison,0.0,277.0,188.0,0.0,1189.0,0.0,0.0,0.0,0.0,0.0,0.0
Bug,Fighting,0.0,0.0,1072.0,1736.0,450.0,279.0,40.0,579.0,521.0,0.0,0.0
Bug,Fighting,0.0,2.0,317.0,0.0,2071.0,116.0,160.0,617.0,0.0,9.0,0.0
Electric,None,0.0,0.0,471.0,0.0,536.0,341.0,17.0,1260.0,0.0,0.0,0.0
Steel,Flying,3548.0,150.0,368.0,0.0,347.0,0.0,0.0,0.0,0.0,0.0,0.0
Grass,Steel,0.0,0.0,121.0,57.0,480.0,167.0,89.0,213.0,0.0,0.0,0.0
Dark,Dragon,52.0,3289.0,1120.0,0.0,0.0,0.0,762.0,0.0,228.0,0.0,0.0
Psychic,None,4.0,2.0,966.0,2.0,175.0,4.0,0.0,2164.0,0.0,2.0,0.0
Psychic,Ghost,2.0,17.0,1189.0,4.0,1710.0,345.0,296.0,1360.0,0.0,0.0,0.0
Psychic,Steel,2.0,1316.0,1028.0,2.0,891.0,0.0,0.0,1691.0,0.0,0.0,36.0
Psychic,Dragon,0.0,2.0,254.0,4.0,2142.0,0.0,1454.0,274.0,0.0,0.0,0.0
Steel,Fairy,0.0,15.0,141.0,332.0,836.0,65.0,66.0,102.0,0.0,0.0,0.0
Steel,Fairy,0.0,15.0,151.0,559.0,312.0,118.0,279.0,123.0,0.0,0.0,0.0
Fighting,Ghost,246.0,53.0,117.0,0.0,135.0,42.0,46.0,337.0,0.0,0.0,0.0
Poison,None,0.0,117.0,127.0,0.0,15.0,0.0,0.0,15.0,0.0,483.0,181.0
Poison,Dragon,0.0,14.0,272.0,104.0,39.0,0.0,0.0,149.0,0.0,1277.0,181.0
Rock,Steel,199.0,236.0,761.0,0.0,0.0,0.0,0.0,3235.0,0.0,0.0,0.0
Fire,Ghost,0.0,236.0,254.0,0.0,567.0,0.0,91.0,181.0,0.0,0.0,173.0
Electric,None,0.0,172.0,292.0,0.0,33.0,266.0,1020.0,314.0,0.0,0.0,0.0
Steel,None,0.0,0.0,97.0,14.0,185.0,140.0,228.0,73.0,0.0,0.0,0.0
Steel,None,0.0,0.0,640.0,0.0,1328.0,338.0,231.0,2286.0,0.0,0.0,0.0
Grass,None,302.0,0.0,122.0,139.0,19.0,47.0,104.0,7.0,74.0,0.0,0.0
Grass,None,614.0,0.0,177.0,66.0,139.0,0.0,180.0,0.0,211.0,0.0,0.0
Grass,None,840.0,0.0,412.0,522.0,1491.0,0.0,0.0,0.0,771.0,0.0,0.0
Fire,None,0.0,0.0,102.0,121.0,410.0,29.0,47.0,126.0,0.0,0.0,0.0
Fire,None,0.0,162.0,185.0,270.0,432.0,0.0,54.0,91.0,0.0,0.0,0.0
Fire,None,0.0,230.0,223.0,394.0,527.0,56.0,126.0,106.0,0.0,0.0,0.0
Water,None,0.0,556.0,99.0,0.0,153.0,0.0,76.0,0.0,0.0,0.0,0.0
Water,None,176.0,576.0,158.0,0.0,75.0,0.0,0.0,0.0,0.0,55.0,0.0
Water,None,0.0,599.0,259.0,0.0,140.0,50.0,177.0,344.0,0.0,0.0,0.0
Normal,None,0.0,0.0,146.0,0.0,822.0,13.0,0.0,177.0,0.0,0.0,0.0
Normal,None,0.0,0.0,402.0,2016.0,9.0,28.0,0.0,9.0,741.0,0.0,0.0
Flying,None,0.0,209.0,148.0,20.0,308.0,0.0,137.0,59.0,0.0,0.0,0.0
Flying,None,0.0,1009.0,417.0,15.0,822.0,0.0,0.0,0.0,0.0,0.0,0.0
Flying,Steel,0.0,1538.0,247.0,3.0,0.0,0.0,0.0,95.0,0.0,0.0,0.0
Bug,None,0.0,321.0,71.0,0.0,109.0,9.0,64.0,29.0,0.0,0.0,0.0
Bug,Psychic,20.0,318.0,188.0,0.0,136.0,399.0,355.0,0.0,42.0,0.0,0.0
Bug,Psychic,0.0,525.0,227.0,1149.0,23.0,44.0,118.0,24.0,0.0,0.0,185.0
Dark,None,0.0,0.0,351.0,576.0,26.0,4.0,0.0,351.0,240.0,0.0,0.0
Dark,None,0.0,0.0,596.0,909.0,138.0,3.0,0.0,388.0,386.0,0.0,0.0
Grass,None,135.0,0.0,157.0,388.0,61.0,172.0,340.0,0.0,0.0,0.0,0.0
Grass,None,144.0,0.0,90.0,0.0,1345.0,51.0,326.0,0.0,0.0,0.0,0.0
Normal,None,0.0,0.0,141.0,0.0,710.0,0.0,10.0,129.0,170.0,0.0,6.0
Normal,None,0.0,0.0,379.0,0.0,1201.0,0.0,8.0,1274.0,180.0,0.0,4.0
Water,None,455.0,122.0,80.0,0.0,32.0,79.0,81.0,0.0,11.0,0.0,0.0
Water,Rock,651.0,160.0,251.0,283.0,286.0,250.0,302.0,0.0,54.0,0.0,0.0
Electric,None,44.0,0.0,129.0,8.0,464.0,29.0,305.0,46.0,68.0,0.0,0.0
Electric,None,8.0,0.0,244.0,0.0,388.0,108.0,557.0,724.0,0.0,0.0,0.0
Rock,None,0.0,0.0,242.0,39.0,2.0,0.0,0.0,940.0,0.0,0.0,0.0
Rock,Fire,0.0,0.0,594.0,442.0,15.0,0.0,0.0,825.0,0.0,0.0,0.0
Rock,Fire,0.0,0.0,835.0,452.0,24.0,0.0,5.0,2141.0,0.0,0.0,0.0
Grass,Dragon,193.0,0.0,70.0,381.0,72.0,51.0,0.0,0.0,0.0,0.0,0.0
Grass,Dragon,266.0,0.0,238.0,427.0,653.0,0.0,48.0,0.0,72.0,0.0,0.0
Grass,Dragon,1099.0,0.0,259.0,252.0,823.0,569.0,0.0,0.0,0.0,0.0,0.0
Ground,None,21.0,0.0,96.0,0.0,781.0,0.0,168.0,0.0,0.0,0.0,0.0
Ground,None,17.0,0.0,822.0,9.0,1014.0,0.0,838.0,0.0,130.0,0.0,0.0
Flying,Water,2.0,1064.0,274.0,0.0,321.0,0.0,567.0,75.0,0.0,0.0,0.0
Water,None,0.0,0.0,120.0,23.0,494.0,40.0,63.0,0.0,124.0,0.0,0.0
Water,None,0.0,0.0,222.0,357.0,637.0,0.0,109.0,0.0,207.0,0.0,0.0
Electric,Poison,3.0,10.0,116.0,0.0,161.0,0.0,0.0,2.0,0.0,898.0,4.0
Electric,Poison,0.0,0.0,235.0,0.0,119.0,0.0,524.0,0.0,31.0,1076.0,131.0
Electric,Poison,0.0,508.0,228.0,0.0,75.0,0.0,0.0,0.0,0.0,1070.0,122.0
Fire,Bug,0.0,0.0,141.0,759.0,2.0,94.0,43.0,0.0,93.0,0.0,0.0
Fire,Bug,0.0,0.0,172.0,744.0,2.0,515.0,187.0,0.0,805.0,0.0,0.0
Fighting,None,0.0,248.0,103.0,330.0,377.0,0.0,0.0,0.0,0.0,0.0,0.0
Fighting,None,38.0,1724.0,220.0,0.0,2.0,0.0,231.0,0.0,0.0,0.0,0.0
Ghost,None,0.0,315.0,59.0,8.0,115.0,36.0,57.0,0.0,80.0,132.0,0.0
Ghost,None,0.0,806.0,139.0,28.0,483.0,68.0,93.0,0.0,82.0,213.0,0.0
Psychic,None,0.0,388.0,68.0,0.0,90.0,0.0,0.0,0.0,0.0,0.0,80.0
Psychic,None,0.0,947.0,183.0,66.0,329.0,0.0,0.0,2.0,0.0,0.0,157.0
Psychic,Fairy,0.0,993.0,196.0,536.0,317.0,0.0,0.0,0.0,0.0,31.0,0.0
Dark,Fairy,0.0,172.0,168.0,254.0,72.0,0.0,0.0,0.0,0.0,0.0,580.0
Dark,Fairy,194.0,512.0,279.0,705.0,32.0,0.0,0.0,0.0,0.0,14.0,0.0
Dark,Fairy,457.0,1997.0,420.0,43.0,30.0,0.0,0.0,3.0,0.0,303.0,0.0
Dark,Normal,0.0,156.0,282.0,30.0,400.0,0.0,0.0,1768.0,0.0,0.0,30.0
Steel,None,0.0,0.0,351.0,14.0,450.0,38.0,0.0,1023.0,0.0,0.0,0.0
Ghost,None,0.0,0.0,69.0,0.0,2239.0,0.0,0.0,356.0,0.0,0.0,12.0
Fighting,None,887.0,0.0,293.0,0.0,722.0,101.0,52.0,174.0,0.0,0.0,0.0
Ice,Psychic,0.0,1132.0,224.0,95.0,129.0,16.0,21.0,0.0,30.0,0.0,0.0
Ground,Ghost,0.0,0.0,277.0,279.0,767.0,0.0,0.0,1302.0,0.0,6.0,0.0
Fairy,None,0.0,0.0,69.0,0.0,536.0,0.0,107.0,0.0,0.0,0.0,0.0
Fairy,None,0.0,0.0,123.0,594.0,672.0,0.0,0.0,0.0,0.0,0.0,0.0
Fighting,None,0.0,0.0,373.0,657.0,152.0,97.0,673.0,150.0,183.0,0.0,0.0
Electric,None,0.0,0.0,113.0,0.0,0.0,12.0,48.0,97.0,16.0,454.0,0.0
Ice,Bug,0.0,65.0,54.0,0.0,446.0,0.0,0.0,0.0,0.0,18.0,0.0
Ice,Bug,5.0,39.0,90.0,0.0,2071.0,0.0,0.0,414.0,0.0,0.0,0.0
Rock,None,0.0,0.0,233.0,0.0,1317.0,0.0,0.0,1006.0,459.0,0.0,0.0
Ice,None,813.0,777.0,184.0,0.0,657.0,14.0,36.0,0.0,18.0,0.0,0.0
Ice,None,112.0,439.0,136.0,0.0,465.0,14.0,36.0,0.0,18.0,0.0,0.0
Psychic,Normal,0.0,493.0,132.0,0.0,276.0,0.0,0.0,0.0,25.0,135.0,51.0
Psychic,Normal,0.0,578.0,122.0,0.0,218.0,0.0,0.0,0.0,13.0,138.0,38.0
Electric,Dark,0.0,0.0,91.0,14.0,11.0,0.0,0.0,405.0,0.0,301.0,28.0
Steel,None,135.0,302.0,196.0,621.0,106.0,356.0,78.0,0.0,100.0,0.0,0.0
Steel,None,2761.0,0.0,288.0,59.0,104.0,541.0,0.0,206.0,0.0,0.0,0.0
Electric,Dragon,893.0,0.0,359.0,677.0,443.0,409.0,380.0,0.0,0.0,0.0,0.0
Electric,Ice,0.0,1244.0,231.0,0.0,1032.0,113.0,252.0,0.0,0.0,0.0,0.0
Water,Dragon,785.0,871.0,257.0,794.0,180.0,0.0,0.0,0.0,0.0,0.0,0.0
Water,Ice,0.0,2394.0,213.0,0.0,659.0,0.0,0.0,0.0,0.0,0.0,0.0
Steel,Dragon,0.0,261.0,250.0,20.0,1267.0,0.0,0.0,518.0,0.0,59.0,0.0
Dragon,Ghost,634.0,0.0,135.0,41.0,0.0,0.0,71.0,0.0,0.0,0.0,18.0
Dragon,Ghost,89.0,1284.0,232.0,22.0,135.0,0.0,35.0,0.0,0.0,0.0,65.0
Dragon,Ghost,557.0,1554.0,271.0,136.0,185.0,0.0,26.0,0.0,0.0,0.0,124.0
Fairy,Steel,0.0,609.0,605.0,801.0,945.0,513.0,0.0,0.0,111.0,0.0,0.0
Fairy,None,0.0,1387.0,568.0,1074.0,171.0,0.0,0.0,0.0,90.0,0.0,0.0
Fighting,Steel,0.0,1080.0,522.0,749.0,887.0,622.0,0.0,172.0,0.0,0.0,0.0
Fighting,None,0.0,1142.0,447.0,1405.0,225.0,0.0,0.0,275.0,0.0,0.0,0.0
Poison,Dragon,0.0,1182.0,666.0,758.0,16.0,0.0,0.0,0.0,0.0,638.0,19.0
Fighting,None,0.0,0.0,169.0,0.0,741.0,0.0,0.0,316.0,0.0,0.0,0.0
Fighting,Water,0.0,0.0,328.0,0.0,353.0,80.0,117.0,1889.0,0.0,0.0,0.0
Fighting,Dark,0.0,0.0,331.0,0.0,316.0,78.0,108.0,2248.0,0.0,0.0,0.0
Dark,Grass,251.0,0.0,473.0,8.0,84.0,0.0,0.0,1887.0,0.0,76.0,35.0
Electric,None,0.0,262.0,74.0,0.0,488.0,0.0,1674.0,0.0,238.0,0.0,15.0
Dragon,None,0.0,1999.0,163.0,902.0,0.0,0.0,0.0,0.0,0.0,0.0,0.0
Ice,None,0.0,794.0,244.0,0.0,1119.0,0.0,0.0,110.0,0.0,0.0,0.0
Ghost,None,0.0,1157.0,519.0,0.0,76.0,0.0,0.0,567.0,0.0,192.0,0.0
Psychic,Grass,1166.0,95.0,270.0,0.0,475.0,0.0,0.0,426.0,0.0,0.0,0.0
Psychic,Ice,501.0,856.0,382.0,0.0,1105.0,0.0,0.0,224.0,0.0,0.0,0.0
Psychic,Ghost,529.0,1167.0,655.0,0.0,139.0,0.0,0.0,723.0,0.0,140.0,0.0
