,type1,type2,Red,Orange,Yellow,Green,Cyan,Blue,Purple,Pink,White,Gray,Black,Brown
0,Fairy,None,102.0,0.0,0.0,0.0,0.0,115.0,0.0,0.0,212.0,418.0,316.0,55.0
1,Fire,Psychic,0.0,12.0,0.0,0.0,614.0,309.0,0.0,0.0,43.0,16.0,156.0,11.0
2,Psychic,None,2.0,4.0,0.0,2.0,2.0,2.0,2.0,0.0,175.0,2164.0,966.0,0.0
3,Water,Ice,0.0,0.0,0.0,0.0,72.0,2322.0,0.0,0.0,659.0,0.0,213.0,0.0
4,Psychic,Flying,12.0,0.0,0.0,0.0,0.0,1103.0,0.0,9.0,1108.0,0.0,330.0,0.0
5,Psychic,None,0.0,71.0,1149.0,0.0,0.0,89.0,0.0,0.0,267.0,0.0,212.0,0.0
6,Electric,None,1.0,0.0,85.0,0.0,0.0,605.0,0.0,1.0,56.0,0.0,142.0,0.0
7,Fighting,None,0.0,0.0,0.0,0.0,0.0,0.0,0.0,0.0,741.0,316.0,169.0,0.0
8,Dragon,None,391.0,0.0,0.0,0.0,1001.0,998.0,0.0,511.0,0.0,0.0,163.0,0.0
9,Normal,None,0.0,0.0,8.0,0.0,0.0,0.0,0.0,4.0,1201.0,1274.0,379.0,180.0
10,Normal,Flying,28.0,0.0,53.0,0.0,0.0,222.0,0.0,0.0,530.0,0.0,137.0,0.0
11,Psychic,Steel,2.0,0.0,0.0,2.0,376.0,940.0,0.0,36.0,891.0,1691.0,1028.0,0.0
12,Fire,None,196.0,173.0,0.0,0.0,0.0,0.0,0.0,64.0,1610.0,479.0,157.0,35.0
13,Normal,None,2.0,1.0,254.0,0.0,0.0,69.0,0.0,0.0,541.0,2.0,0.0,618.0
14,Electric,Grass,292.0,301.0,0.0,659.0,0.0,0.0,0.0,0.0,86.0,145.0,240.0,0.0
15,Normal,None,0.0,0.0,0.0,0.0,0.0,69.0,0.0,51.0,2489.0,0.0,432.0,0.0
16,Bug,Flying,0.0,388.0,0.0,0.0,108.0,46.0,0.0,144.0,674.0,0.0,191.0,0.0
17,Ground,None,712.0,0.0,0.0,0.0,0.0,223.0,0.0,0.0,3.0,687.0,404.0,898.0
18,Electric,Poison,0.0,0.0,524.0,0.0,0.0,0.0,1076.0,131.0,119.0,0.0,235.0,31.0
19,Electric,None,223.0,0.0,0.0,0.0,0.0,0.0,0.0,55.0,282.0,0.0,117.0,0.0
20,Rock,Flying,0.0,0.0,0.0,0.0,347.0,131.0,0.0,0.0,201.0,0.0,64.0,0.0
21,Water,None,0.0,0.0,0.0,0.0,147.0,302.0,33.0,81.0,1.0,0.0,123.0,0.0
22,Ghost,Dragon,393.0,0.0,924.0,0.0,0.0,1021.0,0.0,0.0,88.0,1314.0,64.0,137.0
23,Normal,None,85.0,0.0,20.0,0.0,0.0,343.0,0.0,148.0,8.0,0.0,117.0,0.0
24,Psychic,None,0.0,24.0,36.0,0.0,293.0,248.0,184.0,17.0,31.0,0.0,92.0,0.0
25,Bug,Poison,16.0,0.0,96.0,256.0,0.0,0.0,0.0,10.0,11.0,26.0,234.0,0.0
26,Rock,Water,0.0,377.0,0.0,0.0,0.0,115.0,0.0,0.0,396.0,16.0,353.0,241.0
27,Poison,Fire,132.0,0.0,0.0,0.0,0.0,174.0,5.0,44.0,1.0,821.0,270.0,0.0
28,Water,Ground,0.0,0.0,0.0,0.0,496.0,1066.0,33.0,0.0,2.0,0.0,143.0,0.0
29,Poison,Ground,0.0,0.0,306.0,0.0,977.0,840.0,0.0,0.0,221.0,0.0,249.0,0.0
30,Poison,Dragon,104.0,0.0,0.0,0.0,14.0,0.0,1277.0,181.0,39.0,149.0,272.0,0.0
31,Dragon,Ghost,136.0,0.0,26.0,0.0,1424.0,687.0,0.0,124.0,185.0,0.0,271.0,0.0
32,Fire,None,314.0,0.0,459.0,0.0,0.0,0.0,0.0,0.0,123.0,16.0,158.0,0.0
33,Normal,None,0.0,67.0,486.0,0.0,0.0,0.0,0.0,3.0,617.0,23.0,223.0,309.0
34,Poison,None,109.0,0.0,50.0,0.0,0.0,0.0,1692.0,0.0,4.0,0.0,485.0,0.0
35,Normal,None,0.0,0.0,0.0,0.0,58.0,432.0,0.0,0.0,398.0,11.0,237.0,320.0
36,Normal,None,135.0,0.0,0.0,0.0,0.0,216.0,0.0,146.0,19.0,3.0,63.0,0.0
37,Ice,Psychic,456.0,0.0,357.0,0.0,0.0,20.0,183.0,391.0,253.0,0.0,313.0,0.0
38,Normal,None,3.0,0.0,0.0,0.0,0.0,5.0,0.0,0.0,1140.0,294.0,279.0,0.0
39,Fire,Rock,885.0,0.0,55.0,0.0,0.0,0.0,0.0,0.0,92.0,474.0,255.0,77.0
40,Flying,Dragon,167.0,0.0,7.0,0.0,275.0,0.0,1047.0,0.0,295.0,1819.0,298.0,0.0
41,Grass,Ground,0.0,0.0,0.0,1546.0,0.0,0.0,0.0,0.0,1513.0,159.0,337.0,0.0
42,Steel,Ghost,0.0,0.0,423.0,0.0,0.0,383.0,0.0,0.0,565.0,263.0,271.0,0.0
43,Grass,None,0.0,0.0,0.0,0.0,0.0,0.0,0.0,0.0,185.0,262.0,100.0,85.0
44,Fire,None,615.0,263.0,0.0,0.0,0.0,0.0,0.0,0.0,368.0,0.0,150.0,57.0
45,Electric,None,5.0,0.0,651.0,0.0,18.0,578.0,0.0,0.0,194.0,101.0,249.0,0.0
46,Bug,None,26.0,0.0,4.0,0.0,0.0,0.0,0.0,0.0,465.0,254.0,79.0,0.0
47,Steel,Ghost,0.0,0.0,463.0,0.0,0.0,308.0,0.0,0.0,884.0,326.0,274.0,0.0
48,Bug,Fairy,0.0,80.0,113.0,0.0,0.0,0.0,0.0,0.0,272.0,66.0,112.0,0.0
49,Water,Bug,0.0,0.0,125.0,147.0,135.0,1552.0,0.0,0.0,167.0,0.0,351.0,0.0
50,Grass,None,83.0,0.0,44.0,1622.0,0.0,0.0,0.0,0.0,0.0,0.0,377.0,0.0
51,Fire,None,67.0,259.0,29.0,0.0,0.0,0.0,0.0,0.0,139.0,0.0,115.0,58.0
52,Fighting,None,3.0,32.0,0.0,0.0,0.0,0.0,439.0,136.0,683.0,21.0,207.0,4.0
53,Water,Rock,0.0,0.0,0.0,0.0,0.0,72.0,0.0,611.0,119.0,0.0,138.0,0.0
54,Rock,Fighting,0.0,105.0,0.0,0.0,0.0,0.0,0.0,0.0,1736.0,516.0,418.0,108.0
55,Bug,Water,0.0,0.0,0.0,929.0,0.0,0.0,163.0,527.0,1201.0,367.0,529.0,0.0
56,Steel,Ghost,0.0,0.0,0.0,0.0,119.0,336.0,0.0,0.0,399.0,122.0,150.0,0.0
57,Electric,Dark,14.0,0.0,0.0,0.0,0.0,0.0,301.0,28.0,11.0,405.0,91.0,0.0
58,Normal,None,0.0,0.0,0.0,0.0,0.0,0.0,0.0,33.0,694.0,231.0,178.0,0.0
59,Bug,Electric,0.0,0.0,825.0,0.0,0.0,353.0,0.0,0.0,115.0,169.0,237.0,0.0
60,Poison,Dragon,712.0,588.0,46.0,0.0,0.0,0.0,217.0,0.0,72.0,0.0,433.0,269.0
61,Ice,None,0.0,14.0,36.0,0.0,1199.0,391.0,0.0,0.0,657.0,0.0,184.0,18.0
62,Fighting,Flying,394.0,157.0,67.0,0.0,665.0,0.0,0.0,0.0,326.0,43.0,269.0,0.0
63,Fighting,None,19.0,45.0,0.0,0.0,0.0,0.0,0.0,0.0,970.0,79.0,226.0,413.0
64,Steel,Fairy,27.0,0.0,104.0,0.0,0.0,0.0,0.0,28.0,345.0,300.0,453.0,73.0
65,Psychic,None,7.0,0.0,6.0,65.0,541.0,0.0,0.0,0.0,0.0,93.0,102.0,0.0
66,Water,None,0.0,0.0,253.0,0.0,0.0,1163.0,0.0,0.0,309.0,182.0,394.0,150.0
67,Grass,None,65.0,332.0,0.0,705.0,0.0,0.0,0.0,0.0,48.0,30.0,101.0,285.0
68,Electric,Psychic,88.0,557.0,779.0,0.0,0.0,16.0,0.0,0.0,478.0,0.0,237.0,0.0
69,Bug,None,0.0,0.0,0.0,0.0,0.0,0.0,0.0,0.0,1507.0,0.0,273.0,0.0
70,Dark,Grass,8.0,0.0,0.0,251.0,0.0,0.0,76.0,35.0,84.0,1887.0,473.0,0.0
71,Ghost,Fire,0.0,0.0,24.0,0.0,0.0,78.0,0.0,0.0,119.0,469.0,249.0,0.0
72,Dark,None,0.0,0.0,390.0,3.0,0.0,0.0,942.0,59.0,1.0,0.0,175.0,0.0
73,Dark,Flying,71.0,0.0,26.0,0.0,0.0,799.0,81.0,0.0,242.0,80.0,280.0,40.0
74,Rock,Fairy,0.0,0.0,0.0,0.0,6.0,592.0,0.0,0.0,165.0,48.0,69.0,0.0
75,Water,None,0.0,0.0,0.0,0.0,0.0,624.0,0.0,0.0,239.0,214.0,213.0,0.0
76,Normal,Fairy,0.0,0.0,0.0,0.0,0.0,803.0,0.0,33.0,8.0,0.0,170.0,0.0
77,Dark,Ghost,9.0,0.0,0.0,0.0,46.0,668.0,0.0,2.0,0.0,0.0,147.0,0.0
78,Ground,None,0.0,0.0,168.0,21.0,0.0,0.0,0.0,0.0,781.0,0.0,96.0,0.0
79,Dragon,None,13.0,0.0,13.0,0.0,0.0,0.0,0.0,6.0,963.0,322.0,208.0,0.0
80,Ground,None,703.0,0.0,0.0,0.0,0.0,0.0,0.0,0.0,16.0,32.0,127.0,100.0
81,Water,None,0.0,0.0,21.0,0.0,371.0,416.0,0.0,0.0,265.0,80.0,211.0,0.0
82,Water,Grass,0.0,0.0,37.0,508.0,87.0,33.0,0.0,0.0,0.0,0.0,134.0,0.0
83,Water,Ground,0.0,181.0,168.0,0.0,0.0,0.0,0.0,476.0,303.0,12.0,182.0,54.0
84,Psychic,Fighting,39.0,0.0,0.0,324.0,167.0,167.0,0.0,0.0,359.0,0.0,243.0,20.0
85,Poison,None,39.0,123.0,59.0,0.0,0.0,0.0,0.0,716.0,9.0,0.0,96.0,0.0
86,Water,Poison,314.0,0.0,0.0,0.0,273.0,435.0,0.0,0.0,59.0,572.0,362.0,0.0
87,Electric,None,7.0,0.0,75.0,0.0,0.0,1459.0,0.0,1.0,35.0,0.0,380.0,0.0
88,Dark,Ice,124.0,0.0,9.0,0.0,0.0,554.0,30.0,537.0,60.0,0.0,278.0,0.0
89,Fighting,Dark,0.0,78.0,108.0,0.0,0.0,0.0,0.0,0.0,316.0,2248.0,331.0,0.0
90,Ice,Bug,0.0,0.0,0.0,0.0,0.0,65.0,18.0,0.0,446.0,0.0,54.0,0.0
91,Fire,Fighting,65.0,438.0,222.0,0.0,0.0,96.0,0.0,0.0,302.0,0.0,116.0,84.0
92,Fire,Dark,1334.0,115.0,24.0,3.0,0.0,0.0,0.0,0.0,30.0,713.0,925.0,0.0
93,Steel,None,59.0,541.0,0.0,0.0,2761.0,0.0,0.0,0.0,104.0,206.0,288.0,0.0
94,Ice,Steel,0.0,0.0,0.0,0.0,265.0,262.0,0.0,0.0,203.0,0.0,144.0,0.0
95,Dark,Fighting,247.0,311.0,396.0,0.0,0.0,0.0,0.0,0.0,9.0,104.0,245.0,58.0
96,Normal,None,39.0,0.0,0.0,0.0,0.0,0.0,0.0,19.0,1136.0,278.0,233.0,0.0
97,Bug,Flying,44.0,146.0,221.0,0.0,0.0,33.0,0.0,0.0,79.0,722.0,232.0,37.0
98,Dark,Steel,263.0,4.0,0.0,0.0,0.0,32.0,0.0,0.0,3.0,301.0,197.0,0.0
99,Normal,None,0.0,0.0,6.0,0.0,221.0,601.0,0.0,0.0,1632.0,9.0,352.0,33.0
100,Water,None,0.0,79.0,81.0,0.0,535.0,42.0,0.0,0.0,32.0,0.0,80.0,11.0
101,Fighting,None,34.0,0.0,83.0,0.0,0.0,0.0,0.0,295.0,370.0,7.0,92.0,0.0
102,Fighting,None,0.0,0.0,843.0,0.0,0.0,0.0,0.0,39.0,127.0,257.0,195.0,3.0
103,Normal,None,0.0,213.0,0.0,0.0,136.0,433.0,0.0,0.0,1330.0,175.0,253.0,166.0
104,Dark,None,11.0,2.0,2.0,0.0,0.0,0.0,0.0,2.0,227.0,1320.0,422.0,0.0
105,Fire,None,1075.0,0.0,140.0,0.0,0.0,0.0,0.0,0.0,341.0,30.0,198.0,63.0
106,Bug,Water,14.0,0.0,89.0,0.0,80.0,164.0,0.0,0.0,0.0,4.0,109.0,0.0
107,Poison,None,16.0,0.0,0.0,0.0,92.0,0.0,1234.0,0.0,15.0,2.0,196.0,1.0
108,Grass,None,48.0,10.0,23.0,548.0,0.0,0.0,0.0,28.0,0.0,0.0,184.0,0.0
109,Grass,Poison,36.0,24.0,158.0,207.0,0.0,0.0,0.0,1.0,7.0,0.0,104.0,119.0
110,Dragon,None,268.0,0.0,742.0,489.0,0.0,361.0,0.0,8.0,0.0,310.0,441.0,0.0
111,Water,Fighting,0.0,0.0,0.0,0.0,0.0,1203.0,0.0,0.0,341.0,119.0,384.0,0.0
112,Dragon,Flying,0.0,0.0,0.0,0.0,177.0,470.0,0.0,0.0,560.0,0.0,141.0,0.0
113,Normal,Flying,272.0,329.0,513.0,0.0,0.0,0.0,0.0,61.0,969.0,15.0,173.0,91.0
114,Fire,None,116.0,202.0,196.0,0.0,0.0,0.0,0.0,0.0,0.0,0.0,72.0,10.0
115,Poison,None,199.0,0.0,340.0,0.0,0.0,1345.0,225.0,0.0,0.0,0.0,288.0,0.0
116,Normal,None,0.0,0.0,10.0,0.0,0.0,512.0,244.0,40.0,573.0,407.0,243.0,0.0
117,Water,Psychic,0.0,0.0,183.0,0.0,125.0,106.0,95.0,322.0,13.0,6.0,93.0,0.0
118,Electric,Normal,0.0,0.0,323.0,0.0,0.0,13.0,0.0,0.0,37.0,218.0,162.0,0.0
119,Normal,None,133.0,0.0,0.0,0.0,0.0,0.0,0.0,415.0,611.0,0.0,134.0,130.0
120,Normal,None,0.0,176.0,0.0,0.0,0.0,0.0,0.0,0.0,238.0,0.0,162.0,434.0
121,Psychic,Ice,0.0,0.0,0.0,0.0,501.0,856.0,0.0,0.0,1105.0,224.0,382.0,0.0
122,Fighting,None,442.0,0.0,0.0,0.0,0.0,0.0,0.0,0.0,910.0,304.0,218.0,0.0
123,Rock,Ice,0.0,0.0,0.0,0.0,0.0,561.0,0.0,158.0,137.0,0.0,116.0,0.0
124,Dark,Fairy,68.0,0.0,0.0,0.0,0.0,172.0,0.0,766.0,72.0,0.0,168.0,0.0
125,Ghost,Grass,4.0,0.0,0.0,516.0,0.0,0.0,0.0,5.0,2003.0,0.0,688.0,0.0
126,Psychic,None,29.0,45.0,0.0,0.0,0.0,1153.0,0.0,0.0,0.0,46.0,164.0,0.0
127,Water,None,10.0,0.0,74.0,0.0,0.0,372.0,0.0,0.0,46.0,0.0,78.0,0.0
128,Grass,Poison,38.0,0.0,0.0,171.0,519.0,0.0,0.0,0.0,10.0,0.0,91.0,0.0
129,Poison,Psychic,0.0,0.0,0.0,15.0,0.0,297.0,708.0,436.0,79.0,0.0,288.0,0.0
130,Rock,None,5.0,0.0,413.0,253.0,0.0,0.0,0.0,0.0,178.0,0.0,189.0,0.0
131,Dragon,Ground,134.0,0.0,0.0,0.0,489.0,467.0,0.0,57.0,8.0,2.0,133.0,0.0
132,Ice,None,115.0,0.0,126.0,0.0,0.0,8.0,0.0,0.0,147.0,232.0,88.0,0.0
133,Dragon,Fighting,41.0,0.0,376.0,0.0,0.0,0.0,0.0,0.0,410.0,500.0,295.0,0.0
134,Bug,Rock,161.0,0.0,369.0,0.0,0.0,0.0,0.0,0.0,150.0,0.0,169.0,0.0
135,Bug,Electric,0.0,0.0,597.0,16.0,0.0,64.0,0.0,0.0,8.0,0.0,107.0,0.0
136,Poison,Ground,9.0,0.0,0.0,0.0,111.0,34.0,1153.0,779.0,341.0,0.0,344.0,0.0
137,Electric,None,435.0,0.0,0.0,0.0,0.0,0.0,0.0,7.0,819.0,72.0,131.0,0.0
138,Electric,None,180.0,0.0,246.0,0.0,987.0,474.0,0.0,0.0,473.0,21.0,337.0,0.0
139,Ghost,Flying,0.0,0.0,0.0,0.0,310.0,845.0,94.0,72.0,102.0,0.0,227.0,0.0
140,Fighting,None,0.0,0.0,104.0,56.0,0.0,0.0,0.0,0.0,607.0,253.0,0.0,332.0
141,Steel,Flying,0.0,0.0,0.0,666.0,3032.0,0.0,0.0,0.0,347.0,0.0,368.0,0.0
142,Bug,None,146.0,41.0,138.0,0.0,0.0,0.0,0.0,0.0,175.0,45.0,102.0,0.0
143,Flying,None,4.0,0.0,0.0,1095.0,0.0,0.0,1000.0,0.0,235.0,95.0,310.0,31.0
144,Normal,Flying,6.0,0.0,101.0,0.0,0.0,0.0,0.0,0.0,1090.0,18.0,90.0,218.0
145,Grass,None,0.0,0.0,404.0,1308.0,0.0,0.0,0.0,0.0,451.0,15.0,150.0,0.0
146,Electric,None,0.0,341.0,17.0,0.0,0.0,0.0,0.0,0.0,536.0,1260.0,471.0,0.0
147,Ground,None,468.0,0.0,0.0,0.0,0.0,105.0,0.0,0.0,114.0,68.0,285.0,221.0
148,Poison,Flying,2.0,0.0,10.0,0.0,0.0,345.0,876.0,0.0,0.0,4.0,227.0,0.0
149,Fairy,None,275.0,0.0,52.0,129.0,119.0,0.0,0.0,0.0,212.0,65.0,174.0,52.0
150,Water,None,0.0,0.0,0.0,0.0,0.0,146.0,0.0,0.0,169.0,173.0,87.0,3.0
151,Electric,None,0.0,266.0,1020.0,0.0,51.0,121.0,0.0,0.0,33.0,314.0,292.0,0.0
152,Psychic,None,0.0,151.0,1267.0,0.0,0.0,0.0,0.0,0.0,243.0,21.0,579.0,22.0
153,Dragon,Ground,0.0,0.0,0.0,1248.0,0.0,0.0,0.0,0.0,18.0,1369.0,617.0,0.0
154,Ice,None,0.0,0.0,0.0,839.0,79.0,133.0,111.0,0.0,134.0,23.0,76.0,0.0
155,Electric,Ice,0.0,113.0,252.0,0.0,422.0,822.0,0.0,0.0,1032.0,0.0,231.0,0.0
156,Water,None,18.0,0.0,0.0,0.0,67.0,242.0,0.0,0.0,264.0,2.0,52.0,0.0
157,Psychic,None,938.0,0.0,0.0,0.0,316.0,170.0,18.0,0.0,3.0,30.0,391.0,195.0
158,Steel,Fairy,559.0,118.0,279.0,0.0,15.0,0.0,0.0,0.0,312.0,123.0,151.0,0.0
159,Dark,None,0.0,0.0,0.0,9.0,0.0,0.0,90.0,514.0,144.0,0.0,183.0,0.0
160,Rock,Water,15.0,298.0,0.0,316.0,0.0,502.0,0.0,0.0,1423.0,0.0,328.0,0.0
161,Water,None,0.0,353.0,410.0,0.0,0.0,0.0,0.0,0.0,124.0,6.0,133.0,0.0
162,Rock,Psychic,6.0,674.0,656.0,0.0,0.0,0.0,0.0,0.0,0.0,0.0,241.0,0.0
163,Normal,None,2.0,0.0,573.0,37.0,0.0,161.0,0.0,0.0,962.0,258.0,333.0,0.0
164,Bug,Poison,0.0,0.0,7.0,0.0,0.0,161.0,795.0,117.0,0.0,128.0,207.0,0.0
165,Ice,None,0.0,0.0,0.0,0.0,0.0,794.0,0.0,0.0,1119.0,110.0,244.0,0.0
166,Fairy,None,56.0,0.0,0.0,0.0,0.0,0.0,0.0,477.0,108.0,62.0,99.0,0.0
167,Ground,Flying,33.0,0.0,0.0,0.0,0.0,307.0,0.0,1176.0,9.0,0.0,198.0,0.0
168,Dark,Normal,0.0,0.0,0.0,0.0,95.0,0.0,0.0,34.0,487.0,537.0,239.0,0.0
169,Dark,Fighting,46.0,0.0,298.0,0.0,0.0,0.0,0.0,0.0,127.0,31.0,141.0,0.0
170,Grass,Ghost,261.0,0.0,0.0,0.0,666.0,29.0,0.0,0.0,701.0,63.0,268.0,78.0
171,Electric,None,0.0,0.0,55.0,0.0,43.0,79.0,0.0,0.0,699.0,58.0,139.0,0.0
172,Normal,None,1043.0,0.0,0.0,0.0,0.0,0.0,0.0,465.0,347.0,0.0,251.0,0.0
173,Psychic,Flying,33.0,0.0,0.0,0.0,0.0,0.0,0.0,381.0,591.0,0.0,190.0,86.0
174,Grass,None,0.0,0.0,126.0,451.0,0.0,0.0,0.0,0.0,95.0,0.0,75.0,0.0
175,Electric,Fairy,63.0,325.0,1152.0,0.0,5.0,0.0,0.0,0.0,368.0,264.0,491.0,0.0
176,Fairy,None,51.0,0.0,0.0,0.0,0.0,0.0,0.0,1278.0,92.0,55.0,202.0,0.0
177,Water,None,174.0,276.0,65.0,0.0,0.0,0.0,0.0,107.0,300.0,75.0,108.0,0.0
178,Grass,Dragon,368.0,51.0,0.0,193.0,0.0,0.0,0.0,13.0,72.0,0.0,70.0,0.0
179,Poison,None,0.0,0.0,0.0,0.0,0.0,3.0,446.0,537.0,18.0,11.0,133.0,0.0
180,Fighting,None,657.0,97.0,673.0,0.0,0.0,0.0,0.0,0.0,152.0,150.0,373.0,183.0
181,Steel,Psychic,0.0,0.0,457.0,0.0,120.0,0.0,0.0,0.0,234.0,61.0,157.0,0.0
182,Dark,None,601.0,0.0,0.0,0.0,6.0,524.0,0.0,71.0,2.0,529.0,320.0,0.0
183,Steel,None,14.0,140.0,228.0,0.0,0.0,0.0,0.0,0.0,185.0,73.0,97.0,0.0
184,Psychic,None,53.0,0.0,16.0,1588.0,0.0,0.0,0.0,0.0,361.0,0.0,175.0,55.0
185,Grass,None,0.0,27.0,0.0,97.0,374.0,0.0,0.0,0.0,521.0,9.0,196.0,43.0
186,Fighting,Psychic,10.0,0.0,0.0,0.0,70.0,152.0,0.0,4.0,374.0,77.0,162.0,0.0
187,Psychic,None,4.0,0.0,0.0,0.0,0.0,13.0,0.0,34.0,107.0,601.0,230.0,6.0
188,Bug,Flying,138.0,65.0,42.0,0.0,0.0,0.0,0.0,0.0,188.0,323.0,242.0,6.0
189,Ghost,Grass,7.0,183.0,203.0,0.0,1339.0,0.0,39.0,127.0,22.0,17.0,323.0,254.0
190,Ghost,Poison,184.0,0.0,0.0,0.0,0.0,0.0,751.0,581.0,12.0,0.0,168.0,0.0
191,Normal,None,0.0,417.0,0.0,0.0,0.0,0.0,0.0,0.0,65.0,4.0,93.0,84.0
192,Bug,Ground,0.0,0.0,0.0,75.0,0.0,0.0,0.0,0.0,360.0,99.0,140.0,27.0
193,Poison,None,3.0,0.0,0.0,0.0,85.0,0.0,438.0,181.0,9.0,0.0,103.0,0.0
194,Psychic,None,10.0,0.0,0.0,0.0,0.0,0.0,80.0,531.0,41.0,0.0,65.0,0.0
195,Normal,Flying,308.0,1150.0,0.0,0.0,0.0,0.0,0.0,0.0,667.0,0.0,269.0,304.0
196,Fire,Fighting,287.0,434.0,400.0,0.0,0.0,117.0,0.0,0.0,157.0,88.0,204.0,93.0
197,Water,Ground,0.0,275.0,0.0,0.0,642.0,265.0,0.0,0.0,0.0,15.0,189.0,0.0
198,Bug,Fire,928.0,651.0,0.0,0.0,197.0,8.0,0.0,0.0,349.0,432.0,129.0,0.0
199,Psychic,None,181.0,25.0,23.0,0.0,0.0,372.0,0.0,23.0,25.0,0.0,44.0,0.0
200,Ice,Ghost,77.0,3.0,6.0,0.0,0.0,291.0,60.0,0.0,174.0,55.0,127.0,20.0
201,Psychic,None,4.0,0.0,18.0,0.0,0.0,359.0,0.0,0.0,840.0,145.0,188.0,0.0
202,Ground,None,0.0,0.0,61.0,0.0,0.0,0.0,0.0,0.0,316.0,0.0,140.0,209.0
203,Psychic,None,68.0,0.0,0.0,0.0,471.0,133.0,0.0,0.0,5.0,4.0,146.0,0.0
204,Dragon,None,0.0,0.0,0.0,0.0,0.0,802.0,0.0,4.0,250.0,91.0,168.0,0.0
205,Fairy,None,2.0,0.0,0.0,0.0,0.0,45.0,0.0,761.0,509.0,22.0,288.0,0.0
206,Dragon,None,0.0,0.0,0.0,0.0,0.0,346.0,0.0,0.0,104.0,59.0,86.0,0.0
207,Flying,None,20.0,0.0,137.0,0.0,0.0,209.0,0.0,0.0,308.0,59.0,148.0,0.0
208,Steel,Psychic,5.0,0.0,0.0,0.0,0.0,1627.0,0.0,0.0,140.0,156.0,427.0,2.0
209,Normal,None,67.0,0.0,0.0,0.0,0.0,0.0,32.0,388.0,264.0,0.0,129.0,0.0
210,Flying,None,15.0,0.0,0.0,0.0,0.0,1009.0,0.0,0.0,822.0,0.0,417.0,0.0
211,Grass,None,0.0,51.0,326.0,144.0,0.0,0.0,0.0,0.0,1345.0,0.0,90.0,0.0
212,Ice,Flying,4.0,0.0,0.0,0.0,379.0,2076.0,0.0,0.0,163.0,10.0,344.0,41.0
213,Water,Electric,20.0,0.0,323.0,0.0,0.0,909.0,0.0,0.0,56.0,0.0,99.0,0.0
214,Grass,Fairy,0.0,18.0,0.0,188.0,0.0,0.0,0.0,0.0,340.0,134.0,75.0,0.0
215,Ghost,Dark,0.0,0.0,20.0,511.0,0.0,0.0,112.0,1136.0,39.0,0.0,40.0,50.0
216,Water,Rock,283.0,250.0,302.0,0.0,811.0,0.0,0.0,0.0,286.0,0.0,251.0,54.0
217,Water,None,18.0,51.0,279.0,694.0,32.0,20.0,0.0,8.0,1.0,0.0,205.0,0.0
218,Poison,Fighting,154.0,0.0,10.0,0.0,0.0,1082.0,0.0,9.0,14.0,15.0,304.0,77.0
219,Rock,None,130.0,0.0,0.0,0.0,0.0,972.0,0.0,17.0,0.0,0.0,232.0,0.0
220,Fire,None,817.0,34.0,484.0,0.0,0.0,0.0,0.0,0.0,46.0,46.0,303.0,93.0
221,Poison,Water,114.0,133.0,20.0,0.0,861.0,1356.0,0.0,330.0,0.0,0.0,413.0,0.0
222,Normal,Grass,38.0,16.0,3.0,0.0,0.0,0.0,0.0,0.0,5.0,287.0,352.0,535.0
223,Psychic,Flying,0.0,0.0,0.0,0.0,227.0,40.0,0.0,85.0,352.0,983.0,245.0,49.0
224,Steel,None,0.0,0.0,23.0,0.0,0.0,0.0,0.0,0.0,35.0,866.0,228.0,0.0
225,Water,Fighting,287.0,0.0,0.0,0.0,109.0,422.0,0.0,0.0,374.0,4.0,262.0,0.0
226,Water,None,0.0,0.0,0.0,0.0,0.0,470.0,0.0,127.0,94.0,33.0,408.0,0.0
227,Psychic,None,18.0,0.0,7.0,0.0,0.0,402.0,0.0,405.0,0.0,161.0,109.0,0.0
228,Fighting,None,24.0,0.0,218.0,0.0,0.0,352.0,0.0,0.0,755.0,772.0,413.0,0.0
229,Grass,Poison,61.0,161.0,469.0,901.0,0.0,0.0,0.0,0.0,172.0,0.0,313.0,0.0
230,Fairy,Flying,19.0,0.0,0.0,0.0,0.0,9.0,0.0,0.0,169.0,118.0,107.0,0.0
231,Fighting,None,701.0,0.0,349.0,0.0,0.0,438.0,0.0,0.0,1266.0,0.0,484.0,104.0
232,Fairy,None,296.0,0.0,0.0,0.0,0.0,0.0,0.0,561.0,439.0,0.0,139.0,0.0
233,Psychic,Flying,0.0,0.0,0.0,0.0,5.0,549.0,752.0,0.0,247.0,105.0,472.0,0.0
234,Normal,None,0.0,0.0,97.0,0.0,0.0,523.0,0.0,0.0,233.0,71.0,97.0,0.0
235,Water,Fighting,451.0,22.0,50.0,25.0,121.0,487.0,0.0,0.0,235.0,31.0,251.0,0.0
236,Bug,Steel,1063.0,7.0,14.0,0.0,0.0,127.0,0.0,0.0,75.0,115.0,400.0,184.0
237,Bug,Steel,27.0,0.0,30.0,0.0,0.0,0.0,1226.0,345.0,0.0,3.0,366.0,14.0
238,Fire,None,323.0,24.0,562.0,0.0,0.0,0.0,0.0,0.0,185.0,98.0,391.0,0.0
239,Poison,None,0.0,0.0,0.0,1024.0,130.0,0.0,0.0,155.0,1600.0,48.0,355.0,0.0
240,Normal,Flying,126.0,0.0,0.0,0.0,0.0,22.0,0.0,0.0,127.0,99.0,206.0,0.0
241,Normal,None,0.0,0.0,0.0,0.0,0.0,0.0,404.0,0.0,256.0,10.0,170.0,0.0
242,Bug,Poison,240.0,0.0,5.0,0.0,0.0,509.0,216.0,1189.0,0.0,0.0,453.0,0.0
243,Water,Dark,56.0,0.0,58.0,0.0,0.0,1094.0,0.0,0.0,204.0,26.0,217.0,0.0
244,Ground,Flying,417.0,376.0,12.0,0.0,0.0,0.0,0.0,0.0,1121.0,148.0,359.0,206.0
245,Water,None,0.0,14.0,0.0,0.0,843.0,116.0,0.0,0.0,418.0,10.0,269.0,104.0
246,Grass,None,91.0,0.0,91.0,1204.0,146.0,0.0,0.0,0.0,0.0,0.0,423.0,17.0
247,Dragon,None,0.0,0.0,0.0,42.0,0.0,0.0,343.0,0.0,520.0,170.0,80.0,0.0
248,Ice,Bug,0.0,0.0,0.0,5.0,0.0,39.0,0.0,0.0,2071.0,414.0,90.0,0.0
249,Electric,Flying,0.0,97.0,840.0,0.0,0.0,0.0,0.0,68.0,193.0,1.0,156.0,0.0
250,Fire,None,73.0,221.0,156.0,0.0,0.0,0.0,0.0,0.0,146.0,4.0,85.0,66.0
251,Fairy,None,0.0,0.0,107.0,0.0,0.0,0.0,0.0,0.0,536.0,0.0,69.0,0.0
252,Normal,None,96.0,0.0,9.0,0.0,0.0,0.0,0.0,13.0,707.0,236.0,244.0,28.0
253,Fire,None,244.0,145.0,133.0,0.0,0.0,0.0,0.0,0.0,441.0,53.0,203.0,77.0
254,Rock,Dark,5.0,6.0,0.0,1933.0,0.0,179.0,0.0,0.0,45.0,23.0,441.0,0.0
255,Ground,Dragon,375.0,0.0,0.0,1360.0,107.0,0.0,0.0,18.0,0.0,0.0,369.0,0.0
256,Steel,Rock,29.0,0.0,0.0,0.0,0.0,8.0,0.0,0.0,334.0,1691.0,766.0,0.0
257,Psychic,None,0.0,0.0,0.0,0.0,0.0,8.0,0.0,26.0,397.0,306.0,31.0,0.0
258,Water,Dragon,2.0,14.0,28.0,0.0,0.0,916.0,0.0,0.0,98.0,6.0,362.0,0.0
259,Grass,Poison,92.0,0.0,26.0,405.0,0.0,202.0,0.0,80.0,87.0,0.0,180.0,0.0
260,Bug,Poison,91.0,81.0,134.0,643.0,0.0,0.0,212.0,16.0,14.0,78.0,217.0,0.0
261,Psychic,Dark,0.0,0.0,563.0,0.0,253.0,1380.0,0.0,1570.0,9.0,192.0,681.0,0.0
262,Grass,None,71.0,0.0,0.0,536.0,0.0,0.0,0.0,0.0,805.0,179.0,415.0,20.0
263,Poison,None,11.0,0.0,0.0,0.0,603.0,296.0,0.0,2.0,228.0,14.0,75.0,0.0
264,Ice,None,0.0,0.0,0.0,0.0,414.0,0.0,0.0,0.0,1925.0,78.0,265.0,0.0
265,Psychic,None,25.0,65.0,1210.0,0.0,0.0,0.0,0.0,0.0,147.0,37.0,354.0,207.0
266,Fire,None,63.0,52.0,88.0,0.0,0.0,0.0,0.0,0.0,1105.0,396.0,342.0,471.0
267,Ground,Ghost,0.0,160.0,0.0,0.0,2502.0,98.0,0.0,0.0,357.0,0.0,310.0,180.0
268,Normal,None,16.0,0.0,579.0,137.0,333.0,528.0,0.0,0.0,1539.0,49.0,327.0,0.0
269,Normal,Psychic,0.0,47.0,0.0,395.0,18.0,0.0,387.0,0.0,823.0,173.0,353.0,185.0
270,Rock,None,0.0,20.0,23.0,0.0,0.0,178.0,0.0,0.0,74.0,0.0,121.0,43.0
271,Normal,Psychic,0.0,0.0,0.0,377.0,54.0,0.0,0.0,7.0,264.0,181.0,122.0,0.0
272,Rock,None,560.0,0.0,0.0,0.0,0.0,0.0,0.0,0.0,1485.0,0.0,350.0,0.0
273,Ice,None,0.0,0.0,0.0,0.0,85.0,254.0,0.0,0.0,1683.0,127.0,274.0,0.0
274,Water,None,1.0,0.0,0.0,0.0,41.0,983.0,848.0,0.0,139.0,200.0,255.0,0.0
275,Psychic,None,8.0,0.0,4.0,60.0,0.0,0.0,0.0,0.0,761.0,100.0,137.0,279.0
276,Poison,Flying,0.0,0.0,0.0,0.0,0.0,745.0,0.0,987.0,8.0,23.0,325.0,0.0
277,Fighting,None,0.0,0.0,0.0,0.0,543.0,483.0,0.0,0.0,11.0,416.0,288.0,0.0
278,Bug,Ghost,0.0,0.0,0.0,0.0,0.0,62.0,0.0,0.0,698.0,88.0,160.0,0.0
279,Fighting,Flying,673.0,470.0,26.0,0.0,0.0,0.0,0.0,0.0,264.0,265.0,297.0,0.0
280,Grass,Flying,0.0,0.0,8.0,359.0,0.0,0.0,0.0,308.0,0.0,0.0,86.0,0.0
281,Water,Psychic,72.0,0.0,201.0,0.0,0.0,535.0,418.0,51.0,214.0,0.0,207.0,0.0
282,Rock,Psychic,38.0,0.0,582.0,0.0,0.0,0.0,0.0,7.0,488.0,19.0,191.0,0.0
283,Rock,Ground,0.0,0.0,0.0,0.0,0.0,0.0,0.0,0.0,488.0,273.0,96.0,0.0
284,Fighting,Psychic,166.0,22.0,41.0,0.0,0.0,0.0,0.0,387.0,131.0,138.0,235.0,0.0
285,Grass,Poison,100.0,33.0,344.0,440.0,0.0,0.0,0.0,145.0,114.0,0.0,127.0,0.0
286,Fairy,None,28.0,54.0,18.0,0.0,0.0,621.0,28.0,0.0,694.0,357.0,653.0,128.0
287,Rock,Fire,207.0,0.0,0.0,0.0,0.0,0.0,0.0,235.0,15.0,825.0,594.0,0.0
288,Rock,Grass,0.0,0.0,248.0,1099.0,0.0,0.0,0.0,450.0,13.0,0.0,343.0,0.0
289,Grass,None,0.0,0.0,33.0,782.0,0.0,0.0,0.0,0.0,12.0,0.0,232.0,0.0
290,Psychic,Fairy,57.0,0.0,0.0,223.0,0.0,35.0,0.0,40.0,146.0,0.0,102.0,0.0
291,Fire,Fighting,737.0,314.0,97.0,0.0,0.0,2.0,0.0,0.0,607.0,71.0,294.0,0.0
292,Ground,None,77.0,0.0,0.0,0.0,0.0,614.0,0.0,0.0,2.0,6.0,51.0,0.0
293,Water,Flying,0.0,0.0,26.0,0.0,220.0,201.0,0.0,0.0,59.0,0.0,67.0,0.0
294,Ice,None,0.0,0.0,0.0,0.0,116.0,1999.0,0.0,0.0,142.0,0.0,401.0,0.0
295,Normal,None,0.0,0.0,4.0,0.0,0.0,563.0,11.0,73.0,139.0,263.0,206.0,0.0
296,Poison,None,0.0,0.0,0.0,469.0,0.0,3.0,0.0,11.0,84.0,0.0,127.0,0.0
297,Water,None,0.0,0.0,76.0,0.0,207.0,349.0,0.0,0.0,153.0,0.0,99.0,0.0
298,Ghost,Poison,24.0,0.0,0.0,0.0,0.0,0.0,0.0,865.0,680.0,0.0,68.0,0.0
299,Electric,None,0.0,0.0,1674.0,0.0,0.0,262.0,0.0,15.0,488.0,0.0,74.0,238.0
300,Grass,Poison,0.0,0.0,127.0,357.0,79.0,0.0,0.0,0.0,0.0,0.0,71.0,0.0
301,Poison,None,26.0,0.0,555.0,0.0,0.0,0.0,0.0,605.0,357.0,0.0,70.0,0.0
302,Water,Fairy,0.0,0.0,0.0,0.0,3.0,392.0,784.0,0.0,39.0,189.0,443.0,0.0
303,Fire,None,3.0,366.0,2751.0,0.0,0.0,0.0,0.0,0.0,0.0,0.0,338.0,0.0
304,Fire,None,760.0,457.0,195.0,0.0,0.0,28.0,0.0,0.0,960.0,6.0,128.0,102.0
305,Water,Flying,0.0,0.0,13.0,0.0,0.0,265.0,0.0,0.0,206.0,113.0,176.0,0.0
306,Dragon,Electric,7.0,0.0,0.0,0.0,8.0,1148.0,0.0,0.0,1.0,1245.0,1903.0,0.0
307,Bug,Poison,0.0,0.0,0.0,0.0,0.0,0.0,1122.0,0.0,549.0,0.0,177.0,58.0
308,Fire,None,384.0,102.0,99.0,0.0,0.0,32.0,0.0,0.0,548.0,0.0,144.0,51.0
309,Psychic,None,0.0,0.0,0.0,0.0,0.0,388.0,0.0,80.0,90.0,0.0,68.0,0.0
310,Ghost,None,0.0,0.0,0.0,0.0,0.0,0.0,0.0,12.0,2239.0,356.0,69.0,0.0
311,Water,Ice,18.0,0.0,0.0,0.0,0.0,211.0,0.0,0.0,1900.0,7.0,203.0,0.0
312,Ghost,None,10.0,0.0,0.0,0.0,0.0,0.0,0.0,0.0,236.0,499.0,159.0,0.0
313,Bug,Electric,0.0,43.0,0.0,779.0,0.0,38.0,0.0,0.0,81.0,13.0,64.0,22.0
314,Fire,Flying,182.0,89.0,345.0,0.0,0.0,202.0,0.0,0.0,36.0,82.0,320.0,0.0
315,Water,Ghost,10.0,0.0,0.0,0.0,774.0,750.0,0.0,0.0,984.0,0.0,248.0,0.0
316,Ice,None,0.0,0.0,0.0,0.0,39.0,163.0,0.0,0.0,64.0,0.0,33.0,0.0
317,Normal,None,0.0,0.0,165.0,0.0,0.0,0.0,0.0,530.0,74.0,0.0,139.0,0.0
318,Rock,None,6.0,0.0,0.0,0.0,0.0,508.0,0.0,0.0,123.0,1367.0,211.0,0.0
319,Dark,Dragon,59.0,0.0,0.0,0.0,0.0,569.0,0.0,921.0,2.0,952.0,322.0,0.0
320,Ice,None,0.0,0.0,21.0,0.0,1166.0,1269.0,0.0,0.0,7.0,0.0,209.0,0.0
321,Normal,None,0.0,441.0,542.0,0.0,0.0,0.0,0.0,0.0,324.0,6.0,183.0,64.0
322,Grass,None,66.0,0.0,180.0,505.0,109.0,0.0,0.0,0.0,139.0,0.0,177.0,211.0
323,Fighting,None,0.0,101.0,52.0,887.0,0.0,0.0,0.0,0.0,722.0,174.0,293.0,0.0
324,Steel,None,0.0,0.0,0.0,0.0,36.0,0.0,0.0,0.0,290.0,386.0,116.0,0.0
325,Fairy,None,300.0,0.0,12.0,0.0,947.0,0.0,0.0,390.0,189.0,77.0,403.0,0.0
326,Normal,Fighting,0.0,0.0,0.0,0.0,0.0,0.0,0.0,305.0,189.0,32.0,150.0,266.0
327,Electric,Dragon,516.0,409.0,380.0,143.0,750.0,0.0,0.0,161.0,443.0,0.0,359.0,0.0
328,Bug,Flying,0.0,0.0,61.0,704.0,0.0,0.0,0.0,0.0,289.0,58.0,205.0,0.0
329,Rock,Electric,0.0,0.0,0.0,0.0,0.0,376.0,0.0,0.0,380.0,67.0,236.0,0.0
330,Electric,None,8.0,29.0,305.0,44.0,0.0,0.0,0.0,0.0,464.0,46.0,129.0,68.0
331,Ghost,Fire,0.0,0.0,16.0,0.0,0.0,161.0,0.0,0.0,235.0,29.0,98.0,0.0
332,Grass,None,0.0,31.0,0.0,1125.0,0.0,0.0,0.0,0.0,270.0,35.0,398.0,61.0
333,Fighting,None,0.0,16.0,5.0,387.0,0.0,0.0,0.0,0.0,1572.0,0.0,277.0,0.0
334,Electric,Flying,0.0,6.0,0.0,0.0,0.0,1273.0,0.0,0.0,218.0,290.0,594.0,0.0
335,Fairy,None,250.0,0.0,0.0,0.0,0.0,0.0,0.0,344.0,672.0,0.0,123.0,0.0
336,Ghost,Grass,181.0,0.0,13.0,0.0,0.0,0.0,0.0,0.0,546.0,0.0,72.0,0.0
337,Ghost,None,0.0,0.0,0.0,0.0,0.0,1157.0,192.0,0.0,76.0,567.0,519.0,0.0
338,Steel,Flying,306.0,0.0,5.0,0.0,0.0,837.0,0.0,35.0,424.0,0.0,273.0,0.0
339,Ghost,Fairy,0.0,21.0,0.0,0.0,0.0,0.0,0.0,0.0,496.0,92.0,127.0,0.0
340,Normal,Flying,171.0,0.0,4.0,0.0,0.0,138.0,0.0,0.0,39.0,122.0,167.0,0.0
341,Ground,Rock,21.0,0.0,0.0,0.0,0.0,0.0,0.0,0.0,992.0,1175.0,341.0,0.0
342,Water,None,0.0,0.0,205.0,0.0,0.0,767.0,0.0,0.0,85.0,1.0,159.0,0.0
343,Normal,Flying,171.0,0.0,13.0,126.0,49.0,425.0,0.0,183.0,196.0,243.0,358.0,0.0
344,Ice,None,0.0,0.0,0.0,0.0,333.0,92.0,0.0,0.0,62.0,20.0,93.0,0.0
345,Dark,None,8.0,0.0,0.0,0.0,92.0,400.0,0.0,0.0,391.0,81.0,256.0,0.0
346,Psychic,None,0.0,66.0,647.0,0.0,0.0,0.0,0.0,0.0,39.0,0.0,179.0,87.0
347,Ground,None,1354.0,1.0,4.0,0.0,0.0,0.0,0.0,75.0,197.0,792.0,853.0,0.0
348,Ghost,None,0.0,0.0,9.0,0.0,8.0,637.0,0.0,0.0,0.0,0.0,150.0,0.0
349,Grass,Steel,0.0,5.0,15.0,456.0,0.0,0.0,0.0,0.0,434.0,526.0,283.0,0.0
350,Rock,Fire,264.0,0.0,5.0,0.0,0.0,0.0,0.0,188.0,24.0,2141.0,835.0,0.0
351,Fighting,Dark,0.0,0.0,0.0,23.0,0.0,178.0,0.0,0.0,841.0,1861.0,435.0,0.0
352,Water,Grass,59.0,0.0,0.0,1179.0,0.0,0.0,0.0,42.0,960.0,0.0,427.0,0.0
353,Normal,Fighting,0.0,0.0,0.0,0.0,0.0,0.0,0.0,404.0,293.0,1416.0,258.0,0.0
354,Fire,None,423.0,83.0,108.0,0.0,0.0,0.0,0.0,0.0,14.0,15.0,130.0,0.0
355,Normal,None,0.0,0.0,420.0,0.0,0.0,1492.0,0.0,444.0,27.0,35.0,453.0,0.0
356,Water,Poison,18.0,0.0,0.0,166.0,338.0,0.0,0.0,4.0,203.0,0.0,102.0,0.0
357,Fire,None,702.0,0.0,33.0,0.0,0.0,0.0,0.0,0.0,418.0,101.0,204.0,0.0
358,Normal,Flying,50.0,0.0,133.0,0.0,0.0,0.0,0.0,0.0,246.0,6.0,76.0,235.0
359,Ice,None,0.0,0.0,0.0,0.0,108.0,411.0,0.0,0.0,96.0,0.0,63.0,0.0
360,Normal,None,0.0,0.0,0.0,0.0,0.0,0.0,0.0,0.0,285.0,110.0,52.0,0.0
361,Ice,None,0.0,14.0,36.0,0.0,198.0,353.0,0.0,0.0,465.0,0.0,136.0,18.0
362,Bug,Grass,2.0,0.0,248.0,625.0,38.0,0.0,0.0,7.0,21.0,0.0,294.0,0.0
363,Ghost,Ground,51.0,0.0,0.0,0.0,8.0,0.0,0.0,0.0,747.0,23.0,127.0,12.0
364,Dragon,Flying,783.0,0.0,0.0,0.0,1334.0,0.0,0.0,583.0,127.0,98.0,396.0,155.0
365,Normal,None,255.0,0.0,137.0,0.0,0.0,0.0,0.0,1537.0,40.0,11.0,159.0,0.0
366,Fairy,None,341.0,0.0,188.0,108.0,0.0,0.0,0.0,0.0,215.0,58.0,143.0,76.0
367,Water,None,0.0,0.0,0.0,0.0,0.0,1815.0,0.0,0.0,2164.0,110.0,77.0,0.0
368,Dark,Ice,41.0,11.0,0.0,0.0,452.0,108.0,0.0,185.0,119.0,42.0,167.0,0.0
369,Bug,Fairy,0.0,179.0,130.0,0.0,0.0,0.0,0.0,0.0,440.0,104.0,224.0,80.0
370,Fighting,None,26.0,0.0,0.0,0.0,0.0,0.0,0.0,324.0,906.0,1571.0,380.0,122.0
371,Grass,Fairy,0.0,10.0,0.0,199.0,0.0,0.0,0.0,10.0,1801.0,0.0,148.0,0.0
372,Normal,None,306.0,0.0,0.0,0.0,409.0,0.0,0.0,0.0,54.0,0.0,75.0,0.0
373,Normal,None,13.0,116.0,44.0,0.0,0.0,0.0,0.0,0.0,1178.0,0.0,392.0,0.0
374,Water,None,0.0,584.0,0.0,0.0,693.0,303.0,0.0,94.0,194.0,9.0,232.0,0.0
375,Rock,Poison,0.0,0.0,0.0,0.0,175.0,102.0,0.0,0.0,1189.0,0.0,188.0,0.0
376,Ground,Electric,492.0,0.0,282.0,0.0,0.0,0.0,0.0,0.0,136.0,0.0,150.0,150.0
377,Rock,Bug,135.0,0.0,296.0,0.0,0.0,1190.0,0.0,0.0,283.0,86.0,635.0,0.0
378,Steel,Dragon,3.0,0.0,0.0,0.0,0.0,2226.0,0.0,0.0,754.0,0.0,401.0,0.0
379,Psychic,None,737.0,0.0,0.0,0.0,345.0,141.0,18.0,0.0,3.0,109.0,420.0,239.0
380,Steel,Psychic,6.0,0.0,0.0,0.0,0.0,581.0,0.0,0.0,3.0,13.0,211.0,9.0
381,Grass,Poison,76.0,0.0,29.0,369.0,291.0,192.0,0.0,175.0,106.0,0.0,192.0,0.0
382,Grass,Fighting,167.0,0.0,0.0,555.0,0.0,0.0,0.0,0.0,486.0,0.0,280.0,0.0
383,Grass,Poison,0.0,0.0,0.0,0.0,0.0,0.0,0.0,403.0,587.0,319.0,217.0,616.0
384,Ghost,None,21.0,0.0,0.0,0.0,0.0,0.0,0.0,0.0,367.0,1442.0,342.0,15.0
385,Grass,None,213.0,0.0,123.0,1279.0,0.0,0.0,0.0,0.0,26.0,0.0,319.0,89.0
386,Steel,Rock,0.0,0.0,0.0,0.0,0.0,109.0,0.0,0.0,128.0,116.0,147.0,0.0
387,Normal,None,32.0,191.0,0.0,0.0,0.0,0.0,0.0,0.0,380.0,27.0,130.0,189.0
388,Fighting,Steel,749.0,622.0,0.0,0.0,0.0,1080.0,0.0,0.0,887.0,172.0,522.0,0.0
389,Fire,Bug,744.0,515.0,187.0,0.0,0.0,0.0,0.0,0.0,2.0,0.0,172.0,805.0
390,Bug,None,14.0,0.0,0.0,0.0,0.0,0.0,169.0,8.0,426.0,162.0,123.0,0.0
391,Water,Bug,0.0,0.0,100.0,205.0,68.0,212.0,0.0,0.0,155.0,0.0,90.0,0.0
392,Poison,None,25.0,4.0,622.0,0.0,0.0,0.0,1501.0,0.0,422.0,0.0,178.0,0.0
393,Fire,None,390.0,39.0,248.0,0.0,0.0,0.0,0.0,0.0,690.0,0.0,309.0,504.0
394,Ghost,Flying,40.0,0.0,231.0,0.0,0.0,119.0,955.0,23.0,104.0,11.0,171.0,0.0
395,Fighting,None,10.0,0.0,2.0,0.0,0.0,378.0,0.0,0.0,9.0,258.0,193.0,0.0
396,Dragon,None,0.0,0.0,0.0,65.0,0.0,0.0,184.0,0.0,260.0,98.0,24.0,0.0
397,Fire,None,232.0,0.0,28.0,0.0,0.0,549.0,0.0,0.0,20.0,9.0,174.0,0.0
398,Water,Fairy,54.0,0.0,0.0,0.0,415.0,777.0,0.0,81.0,629.0,278.0,313.0,0.0
399,Poison,Fairy,0.0,0.0,96.0,572.0,0.0,0.0,0.0,39.0,728.0,1881.0,265.0,0.0
400,Ground,Psychic,91.0,0.0,221.0,0.0,0.0,0.0,0.0,0.0,121.0,86.0,100.0,0.0
401,Ground,Dragon,0.0,0.0,0.0,419.0,0.0,0.0,0.0,0.0,187.0,426.0,267.0,0.0
402,Psychic,Grass,0.0,0.0,0.0,261.0,0.0,56.0,0.0,0.0,168.0,8.0,84.0,0.0
403,Ghost,Poison,22.0,0.0,0.0,0.0,0.0,464.0,1060.0,187.0,77.0,0.0,124.0,0.0
404,Water,None,0.0,0.0,0.0,0.0,392.0,189.0,0.0,32.0,339.0,159.0,149.0,0.0
405,Poison,Flying,0.0,0.0,0.0,0.0,0.0,627.0,0.0,199.0,4.0,12.0,98.0,0.0
406,Water,Psychic,44.0,39.0,0.0,0.0,0.0,0.0,0.0,976.0,143.0,25.0,146.0,0.0
407,Ground,Dark,0.0,0.0,208.0,0.0,0.0,0.0,0.0,154.0,357.0,303.0,375.0,89.0
408,Dark,Flying,2.0,0.0,0.0,0.0,0.0,0.0,0.0,111.0,321.0,209.0,275.0,438.0
409,Water,Ghost,4.0,0.0,0.0,0.0,329.0,792.0,0.0,0.0,217.0,0.0,184.0,0.0
410,Fire,None,510.0,0.0,0.0,0.0,0.0,18.0,0.0,15.0,909.0,0.0,218.0,0.0
411,Rock,Fairy,14.0,0.0,16.0,0.0,0.0,0.0,0.0,477.0,636.0,305.0,152.0,0.0
412,Grass,Dark,0.0,0.0,5.0,318.0,0.0,0.0,0.0,0.0,1661.0,105.0,400.0,0.0
413,Fairy,Steel,801.0,513.0,0.0,0.0,0.0,609.0,0.0,0.0,945.0,0.0,605.0,111.0
414,Electric,None,3.0,0.0,24.0,0.0,0.0,299.0,79.0,0.0,594.0,71.0,96.0,0.0
415,Rock,Steel,5.0,0.0,57.0,0.0,0.0,0.0,590.0,0.0,411.0,1149.0,343.0,0.0
416,Ghost,None,0.0,0.0,0.0,0.0,0.0,0.0,0.0,4.0,572.0,330.0,46.0,0.0
417,Grass,None,8.0,114.0,357.0,334.0,0.0,0.0,0.0,0.0,42.0,0.0,187.0,0.0
418,Fighting,None,26.0,0.0,39.0,123.0,655.0,0.0,0.0,6.0,134.0,0.0,131.0,0.0
419,Fairy,None,73.0,0.0,0.0,0.0,43.0,102.0,0.0,393.0,497.0,30.0,241.0,0.0
420,Dragon,Flying,0.0,21.0,121.0,613.0,1377.0,0.0,0.0,242.0,12.0,0.0,565.0,0.0
421,Grass,None,0.0,0.0,0.0,110.0,0.0,0.0,0.0,0.0,541.0,0.0,98.0,0.0
422,Fire,None,434.0,79.0,0.0,0.0,0.0,0.0,0.0,0.0,164.0,6.0,149.0,133.0
423,Ice,Psychic,0.0,0.0,0.0,0.0,42.0,530.0,0.0,75.0,371.0,62.0,220.0,40.0
424,Water,Psychic,587.0,49.0,0.0,0.0,0.0,0.0,0.0,273.0,407.0,271.0,418.0,132.0
425,Fire,None,174.0,458.0,72.0,0.0,0.0,0.0,0.0,0.0,85.0,53.0,70.0,192.0
426,Fighting,None,0.0,0.0,231.0,38.0,17.0,1707.0,0.0,0.0,2.0,0.0,220.0,0.0
427,Grass,Poison,2.0,0.0,0.0,383.0,0.0,210.0,0.0,0.0,0.0,0.0,64.0,0.0
428,Water,None,21.0,119.0,33.0,0.0,511.0,0.0,0.0,0.0,57.0,0.0,103.0,9.0
429,Rock,Ground,36.0,7.0,0.0,589.0,0.0,0.0,0.0,0.0,33.0,0.0,111.0,0.0
430,Fire,None,466.0,0.0,56.0,0.0,0.0,0.0,0.0,0.0,20.0,11.0,134.0,0.0
431,Bug,Steel,0.0,0.0,0.0,0.0,0.0,0.0,0.0,521.0,0.0,127.0,146.0,0.0
432,Psychic,None,88.0,0.0,244.0,0.0,0.0,14.0,0.0,0.0,84.0,0.0,88.0,41.0
433,Psychic,Fairy,0.0,0.0,0.0,0.0,0.0,993.0,31.0,536.0,317.0,0.0,196.0,0.0
434,Bug,Fighting,0.0,116.0,160.0,0.0,0.0,2.0,9.0,0.0,2071.0,617.0,317.0,0.0
435,Electric,Steel,24.0,0.0,38.0,0.0,0.0,1170.0,0.0,0.0,142.0,210.0,346.0,8.0
436,Electric,None,0.0,0.0,0.0,0.0,0.0,235.0,0.0,0.0,287.0,0.0,118.0,0.0
437,Dragon,Ground,11.0,0.0,0.0,366.0,0.0,0.0,0.0,0.0,25.0,857.0,381.0,0.0
438,Dragon,Ground,0.0,0.0,0.0,485.0,0.0,0.0,0.0,0.0,24.0,0.0,50.0,0.0
439,Ghost,None,0.0,68.0,93.0,0.0,662.0,144.0,213.0,28.0,483.0,0.0,139.0,82.0
440,Rock,None,3.0,0.0,0.0,0.0,0.0,563.0,0.0,0.0,167.0,196.0,173.0,0.0
441,Normal,Fighting,341.0,0.0,0.0,0.0,0.0,0.0,0.0,4.0,289.0,325.0,161.0,91.0
442,Grass,Poison,250.0,0.0,0.0,377.0,845.0,0.0,0.0,34.0,0.0,0.0,153.0,0.0
443,Dark,None,0.0,42.0,10.0,0.0,0.0,679.0,0.0,0.0,104.0,35.0,195.0,0.0
444,Psychic,Flying,195.0,9.0,60.0,240.0,0.0,0.0,0.0,0.0,97.0,93.0,192.0,0.0
445,Water,None,6.0,0.0,0.0,0.0,261.0,974.0,0.0,0.0,793.0,131.0,444.0,0.0
446,Water,None,0.0,5.0,0.0,0.0,0.0,821.0,0.0,0.0,613.0,0.0,222.0,45.0
447,Normal,Flying,1115.0,0.0,201.0,0.0,0.0,1384.0,0.0,0.0,277.0,0.0,465.0,0.0
448,Normal,None,0.0,13.0,0.0,0.0,0.0,0.0,0.0,0.0,822.0,177.0,146.0,0.0
449,Electric,None,4.0,0.0,112.0,0.0,0.0,950.0,0.0,1.0,42.0,0.0,254.0,0.0
450,Normal,None,0.0,0.0,0.0,0.0,0.0,0.0,0.0,506.0,23.0,0.0,84.0,0.0
451,Rock,Ground,0.0,0.0,0.0,0.0,0.0,0.0,0.0,0.0,1002.0,1281.0,418.0,0.0
452,Fire,None,121.0,29.0,47.0,0.0,0.0,0.0,0.0,0.0,410.0,126.0,102.0,0.0
453,Bug,Steel,8.0,0.0,0.0,0.0,0.0,0.0,0.0,0.0,175.0,443.0,265.0,0.0
454,Ice,Flying,401.0,27.0,42.0,0.0,0.0,0.0,0.0,0.0,147.0,125.0,182.0,28.0
455,Normal,Fairy,17.0,0.0,0.0,0.0,0.0,0.0,0.0,407.0,27.0,0.0,52.0,0.0
456,Steel,Ground,3.0,0.0,0.0,0.0,0.0,1952.0,0.0,2.0,955.0,0.0,416.0,0.0
457,Bug,Grass,1344.0,111.0,113.0,0.0,0.0,0.0,0.0,0.0,16.0,10.0,140.0,0.0
458,Psychic,None,0.0,0.0,263.0,0.0,0.0,373.0,145.0,685.0,308.0,0.0,214.0,0.0
459,Ground,None,60.0,0.0,0.0,0.0,0.0,0.0,0.0,0.0,507.0,1361.0,368.0,0.0
460,Bug,None,296.0,0.0,0.0,96.0,0.0,854.0,0.0,35.0,71.0,0.0,185.0,0.0
461,Ice,Psychic,43.0,16.0,21.0,0.0,0.0,1132.0,0.0,52.0,129.0,0.0,224.0,30.0
462,Dragon,Ground,318.0,8.0,0.0,651.0,0.0,67.0,0.0,0.0,236.0,3216.0,1386.0,0.0
463,Fighting,Ice,49.0,0.0,0.0,0.0,542.0,1112.0,0.0,8.0,1872.0,386.0,396.0,0.0
464,Grass,Fighting,0.0,0.0,0.0,967.0,0.0,0.0,0.0,112.0,206.0,129.0,155.0,0.0
465,Water,None,655.0,343.0,128.0,0.0,0.0,0.0,0.0,0.0,768.0,0.0,320.0,0.0
466,Fire,Steel,331.0,124.0,0.0,0.0,0.0,0.0,0.0,223.0,573.0,703.0,328.0,102.0
467,Ice,Water,13.0,0.0,0.0,0.0,0.0,2197.0,0.0,12.0,128.0,0.0,207.0,0.0
468,Normal,Flying,185.0,58.0,168.0,0.0,71.0,0.0,0.0,0.0,172.0,479.0,373.0,0.0
469,Water,None,0.0,27.0,11.0,0.0,138.0,77.0,0.0,0.0,76.0,87.0,67.0,0.0
470,Fire,Fighting,715.0,239.0,696.0,0.0,0.0,0.0,0.0,0.0,85.0,730.0,1053.0,15.0
471,Water,None,0.0,19.0,22.0,0.0,21.0,367.0,0.0,0.0,38.0,0.0,60.0,0.0
472,Poison,Fighting,30.0,0.0,16.0,0.0,0.0,522.0,0.0,4.0,27.0,106.0,191.0,18.0
473,Water,Ground,0.0,0.0,0.0,0.0,291.0,146.0,0.0,0.0,319.0,397.0,124.0,12.0
474,Ghost,None,18.0,24.0,119.0,0.0,0.0,0.0,112.0,0.0,28.0,851.0,196.0,30.0
475,Ghost,Grass,630.0,76.0,450.0,0.0,0.0,0.0,0.0,0.0,240.0,0.0,339.0,456.0
476,Grass,Flying,136.0,51.0,0.0,269.0,0.0,0.0,0.0,0.0,534.0,60.0,164.0,17.0
477,Psychic,None,0.0,0.0,0.0,0.0,0.0,0.0,0.0,0.0,28.0,219.0,97.0,0.0
478,Psychic,None,22.0,0.0,0.0,0.0,0.0,600.0,0.0,1494.0,0.0,6.0,99.0,0.0
479,Dark,None,0.0,0.0,0.0,0.0,2.0,957.0,0.0,0.0,649.0,0.0,295.0,0.0
480,Rock,Flying,105.0,0.0,461.0,0.0,216.0,859.0,0.0,6.0,181.0,21.0,490.0,138.0
481,Psychic,None,26.0,0.0,0.0,0.0,0.0,93.0,0.0,143.0,8.0,395.0,103.0,0.0
482,Poison,Dark,0.0,0.0,422.0,675.0,0.0,484.0,0.0,521.0,57.0,55.0,468.0,0.0
483,Psychic,Ghost,0.0,0.0,232.0,15.0,0.0,0.0,0.0,347.0,294.0,244.0,135.0,0.0
484,Psychic,None,330.0,0.0,0.0,0.0,248.0,132.0,21.0,0.0,1.0,400.0,354.0,166.0
485,Psychic,Fairy,0.0,0.0,0.0,283.0,87.0,82.0,1369.0,0.0,874.0,133.0,220.0,0.0
486,Normal,None,0.0,675.0,0.0,0.0,0.0,97.0,0.0,0.0,547.0,115.0,301.0,86.0
487,Psychic,Flying,101.0,0.0,551.0,83.0,71.0,244.0,0.0,18.0,0.0,464.0,588.0,38.0
488,Dark,None,8.0,0.0,86.0,0.0,0.0,612.0,0.0,0.0,2.0,0.0,225.0,0.0
489,Psychic,None,2.0,0.0,0.0,0.0,0.0,7.0,0.0,78.0,111.0,1333.0,332.0,7.0
490,Dark,Psychic,0.0,0.0,0.0,0.0,0.0,255.0,0.0,248.0,364.0,62.0,141.0,0.0
491,Rock,None,230.0,445.0,348.0,0.0,0.0,0.0,0.0,0.0,1685.0,0.0,332.0,0.0
492,Poison,Fire,25.0,0.0,0.0,0.0,0.0,8.0,21.0,0.0,2.0,416.0,244.0,473.0
493,Water,None,0.0,0.0,0.0,0.0,339.0,6.0,0.0,0.0,238.0,47.0,133.0,0.0
494,Rock,Flying,45.0,0.0,0.0,2.0,0.0,105.0,1243.0,26.0,450.0,0.0,272.0,0.0
495,Bug,Flying,219.0,27.0,35.0,0.0,0.0,18.0,22.0,0.0,313.0,131.0,269.0,0.0
496,Rock,Bug,140.0,0.0,0.0,57.0,0.0,0.0,0.0,0.0,144.0,262.0,345.0,0.0
497,Fire,Dragon,974.0,144.0,306.0,0.0,0.0,0.0,0.0,0.0,334.0,0.0,325.0,373.0
498,Water,None,0.0,0.0,0.0,318.0,47.0,98.0,0.0,0.0,134.0,151.0,136.0,0.0
499,Rock,Electric,84.0,35.0,0.0,0.0,0.0,619.0,0.0,0.0,247.0,1352.0,273.0,0.0
500,Steel,None,14.0,38.0,0.0,0.0,0.0,0.0,0.0,0.0,450.0,1023.0,351.0,0.0
501,Psychic,Flying,96.0,0.0,81.0,256.0,0.0,0.0,0.0,0.0,6.0,104.0,0.0,0.0
502,Water,None,23.0,40.0,63.0,0.0,0.0,0.0,0.0,0.0,494.0,0.0,120.0,124.0
503,Dragon,Fighting,156.0,322.0,865.0,0.0,0.0,0.0,0.0,0.0,177.0,1411.0,543.0,0.0
504,Grass,Fairy,601.0,0.0,311.0,0.0,5.0,0.0,0.0,0.0,113.0,609.0,315.0,258.0
505,Electric,None,490.0,0.0,0.0,0.0,0.0,0.0,0.0,0.0,112.0,0.0,58.0,0.0
506,Grass,Flying,0.0,64.0,72.0,486.0,0.0,0.0,0.0,0.0,7.0,0.0,116.0,0.0
507,Grass,Fighting,80.0,135.0,0.0,628.0,0.0,0.0,0.0,0.0,1780.0,56.0,401.0,222.0
508,Dark,Fairy,37.0,0.0,0.0,457.0,0.0,1997.0,303.0,6.0,30.0,3.0,420.0,0.0
509,Bug,Grass,0.0,0.0,0.0,472.0,0.0,53.0,0.0,0.0,0.0,126.0,129.0,0.0
510,Water,Ice,0.0,0.0,2.0,0.0,83.0,931.0,0.0,0.0,603.0,215.0,318.0,0.0
511,Grass,None,0.0,0.0,18.0,375.0,0.0,0.0,0.0,98.0,56.0,33.0,89.0,0.0
512,Water,None,747.0,0.0,56.0,0.0,0.0,0.0,0.0,130.0,113.0,9.0,173.0,0.0
513,Normal,None,16.0,0.0,0.0,0.0,0.0,0.0,0.0,4.0,1380.0,0.0,206.0,173.0
514,Dark,Normal,4.0,0.0,0.0,0.0,0.0,9.0,0.0,0.0,205.0,522.0,140.0,0.0
515,Ghost,None,16.0,0.0,6.0,0.0,0.0,0.0,1181.0,239.0,0.0,0.0,159.0,0.0
516,Bug,None,11.0,0.0,0.0,0.0,0.0,98.0,0.0,0.0,597.0,110.0,98.0,0.0
517,Electric,None,45.0,0.0,1463.0,0.0,0.0,0.0,0.0,0.0,361.0,678.0,391.0,0.0
518,Psychic,None,0.0,0.0,0.0,0.0,0.0,462.0,380.0,0.0,609.0,0.0,263.0,0.0
519,Fire,Flying,553.0,0.0,115.0,0.0,0.0,0.0,0.0,0.0,640.0,591.0,461.0,0.0
520,Psychic,Ghost,0.0,0.0,530.0,0.0,2860.0,18.0,54.0,12.0,1162.0,155.0,421.0,0.0
521,Fighting,None,599.0,0.0,0.0,0.0,0.0,0.0,0.0,429.0,490.0,276.0,285.0,0.0
522,Rock,Water,0.0,0.0,74.0,0.0,5.0,206.0,0.0,0.0,413.0,8.0,137.0,0.0
523,Dragon,Ice,0.0,0.0,50.0,1786.0,0.0,0.0,0.0,0.0,806.0,987.0,1025.0,0.0
524,Ground,Ghost,34.0,0.0,0.0,0.0,0.0,0.0,40.0,0.0,68.0,456.0,159.0,0.0
525,Grass,None,0.0,0.0,0.0,156.0,0.0,30.0,0.0,310.0,0.0,0.0,56.0,23.0
526,Dark,Steel,410.0,0.0,110.0,0.0,0.0,87.0,0.0,0.0,412.0,268.0,308.0,0.0
527,Fire,None,526.0,76.0,36.0,0.0,0.0,0.0,0.0,0.0,0.0,0.0,126.0,0.0
528,Ghost,Fire,0.0,0.0,22.0,0.0,0.0,553.0,0.0,0.0,94.0,403.0,307.0,0.0
529,Water,None,25.0,0.0,29.0,0.0,0.0,119.0,0.0,27.0,1009.0,0.0,113.0,0.0
530,Rock,Water,0.0,0.0,0.0,0.0,0.0,482.0,0.0,0.0,753.0,3.0,207.0,0.0
531,Psychic,Normal,0.0,0.0,0.0,0.0,3.0,575.0,138.0,38.0,218.0,0.0,122.0,13.0
532,Grass,Dark,0.0,0.0,1.0,1625.0,0.0,0.0,0.0,0.0,2.0,3.0,256.0,0.0
533,Dragon,Psychic,30.0,0.0,0.0,0.0,0.0,1033.0,0.0,0.0,589.0,138.0,226.0,0.0
534,Grass,None,388.0,172.0,340.0,135.0,0.0,0.0,0.0,0.0,61.0,0.0,157.0,0.0
535,Fire,None,1290.0,0.0,754.0,0.0,0.0,0.0,0.0,146.0,32.0,122.0,396.0,184.0
536,Bug,Grass,0.0,43.0,122.0,304.0,0.0,0.0,0.0,0.0,57.0,10.0,111.0,0.0
537,Fighting,None,0.0,0.0,437.0,0.0,0.0,331.0,0.0,0.0,299.0,53.0,185.0,0.0
538,Water,None,387.0,0.0,7.0,0.0,31.0,0.0,0.0,1073.0,26.0,0.0,103.0,0.0
539,Steel,None,0.0,338.0,231.0,0.0,0.0,0.0,0.0,0.0,1328.0,2286.0,640.0,0.0
540,Grass,Flying,0.0,37.0,0.0,0.0,84.0,0.0,0.0,0.0,547.0,26.0,116.0,0.0
541,Dark,Dragon,0.0,0.0,762.0,0.0,2522.0,819.0,0.0,0.0,0.0,0.0,1120.0,228.0
542,Water,Ground,0.0,0.0,296.0,26.0,163.0,1052.0,0.0,0.0,171.0,0.0,155.0,0.0
543,Water,None,0.0,810.0,79.0,0.0,76.0,49.0,0.0,0.0,473.0,4.0,291.0,167.0
544,Poison,None,19.0,0.0,0.0,0.0,16.0,204.0,0.0,0.0,435.0,0.0,93.0,0.0
545,Electric,None,64.0,536.0,369.0,0.0,0.0,0.0,0.0,0.0,215.0,46.0,153.0,276.0
546,Grass,Poison,354.0,202.0,53.0,0.0,0.0,370.0,18.0,0.0,33.0,0.0,162.0,46.0
547,Bug,None,40.0,9.0,0.0,302.0,40.0,0.0,0.0,32.0,146.0,0.0,82.0,0.0
548,Dragon,Ghost,22.0,0.0,35.0,89.0,615.0,669.0,0.0,65.0,135.0,0.0,232.0,0.0
549,Poison,None,0.0,0.0,0.0,0.0,0.0,22.0,891.0,1367.0,53.0,55.0,347.0,0.0
550,Normal,None,226.0,0.0,12.0,0.0,0.0,6.0,0.0,320.0,212.0,250.0,268.0,68.0
551,Normal,Ground,0.0,0.0,225.0,0.0,0.0,0.0,0.0,6.0,1269.0,329.0,246.0,558.0
552,Normal,None,7.0,533.0,427.0,0.0,0.0,0.0,0.0,0.0,66.0,35.0,225.0,221.0
553,Grass,None,0.0,0.0,2.0,306.0,0.0,0.0,0.0,321.0,45.0,5.0,75.0,0.0
554,Water,None,8.0,8.0,35.0,0.0,189.0,465.0,0.0,2.0,2.0,0.0,112.0,0.0
555,Ground,None,9.0,0.0,838.0,17.0,0.0,0.0,0.0,0.0,1014.0,0.0,822.0,130.0
556,Dark,None,909.0,3.0,0.0,0.0,0.0,0.0,0.0,0.0,138.0,388.0,596.0,386.0
557,Normal,Flying,0.0,45.0,0.0,0.0,0.0,0.0,0.0,90.0,24.0,581.0,199.0,18.0
558,Bug,Grass,0.0,0.0,98.0,683.0,47.0,0.0,0.0,0.0,11.0,0.0,140.0,0.0
559,Fighting,Ghost,0.0,42.0,46.0,0.0,299.0,0.0,0.0,0.0,135.0,337.0,117.0,0.0
560,Grass,None,0.0,0.0,0.0,104.0,0.0,0.0,0.0,1240.0,198.0,40.0,211.0,0.0
561,Steel,Ghost,0.0,0.0,0.0,0.0,0.0,0.0,0.0,435.0,677.0,173.0,255.0,0.0
562,Water,Dragon,605.0,0.0,0.0,162.0,623.0,871.0,0.0,189.0,180.0,0.0,257.0,0.0
563,Steel,Rock,46.0,0.0,0.0,0.0,0.0,60.0,0.0,0.0,479.0,766.0,387.0,0.0
564,Fairy,None,9.0,0.0,0.0,0.0,0.0,0.0,0.0,298.0,570.0,24.0,94.0,177.0
565,Water,Dark,186.0,0.0,333.0,0.0,0.0,206.0,0.0,7.0,97.0,0.0,161.0,55.0
566,Rock,None,185.0,0.0,0.0,0.0,0.0,19.0,0.0,8.0,729.0,0.0,161.0,0.0
567,Poison,None,6.0,0.0,97.0,0.0,0.0,0.0,1715.0,0.0,0.0,250.0,188.0,0.0
568,Ghost,Ground,22.0,1619.0,0.0,0.0,0.0,10.0,0.0,0.0,24.0,0.0,110.0,402.0
569,Fire,Fighting,190.0,464.0,170.0,0.0,0.0,0.0,0.0,0.0,18.0,91.0,361.0,458.0
570,Bug,Flying,5.0,0.0,34.0,0.0,70.0,0.0,0.0,1422.0,247.0,726.0,317.0,0.0
571,Grass,Dragon,169.0,569.0,0.0,1099.0,0.0,0.0,0.0,83.0,823.0,0.0,259.0,0.0
572,Ice,Ground,0.0,0.0,0.0,0.0,0.0,202.0,0.0,68.0,2034.0,310.0,274.0,774.0
573,Poison,Psychic,15.0,0.0,0.0,0.0,0.0,0.0,234.0,855.0,586.0,254.0,273.0,0.0
574,Bug,None,125.0,0.0,0.0,9.0,0.0,112.0,0.0,0.0,247.0,286.0,127.0,0.0
575,Fire,Ghost,0.0,0.0,91.0,0.0,236.0,0.0,0.0,173.0,567.0,181.0,254.0,0.0
576,Dark,None,156.0,0.0,0.0,0.0,10.0,705.0,0.0,0.0,0.0,0.0,193.0,0.0
577,Ground,Steel,24.0,0.0,0.0,147.0,0.0,0.0,0.0,0.0,47.0,652.0,117.0,145.0
578,Psychic,Fire,65.0,222.0,24.0,0.0,0.0,45.0,0.0,0.0,418.0,34.0,131.0,81.0
579,Psychic,None,0.0,0.0,0.0,0.0,0.0,0.0,0.0,825.0,0.0,803.0,318.0,0.0
580,Electric,Fairy,0.0,21.0,376.0,0.0,0.0,0.0,0.0,0.0,145.0,94.0,235.0,0.0
581,Rock,Steel,0.0,0.0,0.0,0.0,0.0,0.0,146.0,0.0,290.0,335.0,141.0,7.0
582,Fire,Psychic,2142.0,39.0,666.0,0.0,0.0,0.0,0.0,0.0,109.0,20.0,346.0,0.0
583,Water,Ground,0.0,0.0,0.0,0.0,159.0,103.0,0.0,0.0,99.0,112.0,154.0,0.0
584,Ground,Dark,553.0,0.0,0.0,0.0,0.0,417.0,0.0,684.0,417.0,247.0,718.0,104.0
585,Ice,Ground,4.0,0.0,91.0,0.0,0.0,0.0,0.0,6.0,399.0,0.0,45.0,1.0
586,Fire,None,394.0,56.0,126.0,0.0,0.0,230.0,0.0,0.0,527.0,106.0,223.0,0.0
587,Bug,Poison,39.0,178.0,80.0,0.0,0.0,90.0,0.0,0.0,428.0,119.0,356.0,0.0
588,Psychic,Normal,0.0,0.0,0.0,0.0,0.0,493.0,135.0,51.0,276.0,0.0,132.0,25.0
589,Fighting,Steel,5.0,0.0,0.0,0.0,0.0,414.0,0.0,0.0,68.0,509.0,225.0,0.0
590,Normal,Flying,220.0,190.0,0.0,0.0,0.0,0.0,0.0,0.0,141.0,0.0,116.0,42.0
591,Electric,None,0.0,0.0,988.0,0.0,0.0,175.0,0.0,15.0,251.0,28.0,322.0,0.0
592,Fire,Fighting,321.0,73.0,522.0,0.0,0.0,0.0,0.0,0.0,47.0,137.0,243.0,0.0
593,Normal,None,0.0,143.0,0.0,0.0,0.0,0.0,619.0,0.0,246.0,5.0,287.0,0.0
594,Normal,Flying,128.0,214.0,0.0,0.0,0.0,0.0,0.0,0.0,193.0,79.0,175.0,88.0
595,Fighting,None,129.0,20.0,67.0,0.0,0.0,0.0,36.0,0.0,482.0,48.0,257.0,0.0
596,Rock,Electric,0.0,32.0,13.0,0.0,0.0,0.0,0.0,0.0,61.0,1489.0,291.0,0.0
597,Poison,Dark,0.0,11.0,0.0,0.0,0.0,0.0,673.0,0.0,231.0,1.0,154.0,6.0
598,Ground,None,0.0,280.0,746.0,0.0,0.0,0.0,0.0,0.0,123.0,63.0,244.0,0.0
599,Water,None,10.0,0.0,33.0,0.0,372.0,180.0,0.0,0.0,23.0,148.0,255.0,5.0
600,Water,Fairy,102.0,0.0,0.0,0.0,0.0,906.0,0.0,0.0,149.0,0.0,225.0,0.0
601,Normal,Flying,416.0,0.0,0.0,0.0,0.0,0.0,0.0,47.0,1304.0,0.0,314.0,213.0
602,Rock,None,140.0,0.0,0.0,0.0,0.0,4.0,0.0,18.0,1455.0,0.0,289.0,91.0
603,Steel,Fighting,0.0,0.0,50.0,0.0,816.0,0.0,0.0,0.0,540.0,242.0,263.0,0.0
604,Water,Electric,33.0,0.0,211.0,0.0,16.0,486.0,0.0,0.0,47.0,0.0,104.0,0.0
605,Dragon,None,0.0,0.0,24.0,0.0,0.0,522.0,0.0,0.0,215.0,32.0,116.0,0.0
606,Normal,None,14.0,0.0,0.0,0.0,0.0,0.0,0.0,22.0,677.0,1.0,99.0,70.0
607,Psychic,Flying,46.0,0.0,0.0,0.0,14.0,486.0,0.0,44.0,0.0,133.0,254.0,0.0
608,Bug,None,171.0,17.0,102.0,0.0,0.0,0.0,0.0,0.0,342.0,16.0,219.0,89.0
609,Bug,Fire,213.0,80.0,20.0,0.0,4.0,4.0,0.0,0.0,118.0,141.0,110.0,0.0
610,Water,None,0.0,0.0,0.0,0.0,0.0,0.0,216.0,829.0,59.0,0.0,204.0,0.0
611,Ground,None,82.0,250.0,49.0,0.0,0.0,0.0,0.0,0.0,463.0,0.0,89.0,254.0
612,Electric,Steel,0.0,0.0,29.0,0.0,0.0,0.0,0.0,0.0,575.0,215.0,108.0,0.0
613,Water,None,6.0,0.0,0.0,0.0,0.0,304.0,0.0,10.0,400.0,0.0,179.0,0.0
614,Steel,None,39.0,0.0,0.0,0.0,0.0,16.0,0.0,7.0,1073.0,1038.0,289.0,0.0
615,Bug,Electric,0.0,14.0,113.0,0.0,795.0,47.0,0.0,0.0,577.0,207.0,236.0,0.0
616,Normal,None,0.0,0.0,1.0,0.0,2.0,6.0,0.0,0.0,773.0,489.0,185.0,0.0
617,Ground,Dark,0.0,0.0,98.0,0.0,0.0,0.0,0.0,34.0,216.0,112.0,214.0,66.0
618,Bug,Rock,0.0,237.0,0.0,0.0,0.0,0.0,0.0,0.0,67.0,445.0,134.0,0.0
619,Flying,Steel,2.0,0.0,0.0,0.0,0.0,1538.0,0.0,1.0,0.0,95.0,247.0,0.0
620,Grass,None,0.0,0.0,0.0,520.0,0.0,0.0,0.0,225.0,22.0,0.0,72.0,0.0
621,Electric,None,0.0,0.0,6.0,0.0,5.0,5.0,0.0,0.0,323.0,916.0,450.0,0.0
622,Psychic,None,1376.0,0.0,0.0,0.0,412.0,157.0,18.0,0.0,3.0,0.0,341.0,240.0
623,Dragon,None,262.0,0.0,75.0,0.0,0.0,1495.0,0.0,267.0,68.0,8.0,486.0,0.0
624,Fighting,None,0.0,0.0,0.0,17.0,0.0,101.0,0.0,0.0,282.0,241.0,126.0,0.0
625,Water,Ground,25.0,0.0,0.0,0.0,1186.0,542.0,0.0,0.0,2.0,630.0,362.0,0.0
626,Grass,None,14.0,0.0,8.0,560.0,0.0,0.0,0.0,186.0,293.0,0.0,176.0,0.0
627,Grass,None,12.0,0.0,0.0,346.0,0.0,0.0,0.0,0.0,331.0,0.0,180.0,0.0
628,Water,None,403.0,99.0,0.0,0.0,0.0,0.0,0.0,3.0,808.0,346.0,300.0,0.0
629,Normal,None,3.0,2.0,265.0,91.0,0.0,0.0,0.0,0.0,457.0,229.0,135.0,0.0
630,Bug,Poison,95.0,0.0,0.0,0.0,0.0,53.0,731.0,94.0,127.0,47.0,146.0,31.0
631,Bug,Water,0.0,0.0,26.0,0.0,75.0,0.0,102.0,308.0,233.0,74.0,104.0,0.0
632,Fighting,None,1405.0,0.0,0.0,0.0,0.0,1142.0,0.0,0.0,225.0,275.0,447.0,0.0
633,Grass,None,43.0,0.0,0.0,840.0,0.0,0.0,0.0,479.0,1491.0,0.0,412.0,771.0
634,Grass,None,0.0,0.0,253.0,117.0,0.0,0.0,0.0,0.0,0.0,3.0,96.0,0.0
635,Ghost,Dragon,306.0,0.0,974.0,0.0,0.0,1186.0,0.0,0.0,556.0,608.0,227.0,60.0
636,Psychic,None,17.0,0.0,886.0,0.0,0.0,0.0,0.0,0.0,551.0,0.0,155.0,46.0
637,Ground,Ghost,279.0,0.0,0.0,0.0,0.0,0.0,6.0,0.0,767.0,1302.0,277.0,0.0
638,Poison,Water,9.0,274.0,0.0,0.0,0.0,92.0,84.0,0.0,0.0,0.0,90.0,173.0
639,Normal,None,0.0,0.0,10.0,0.0,0.0,0.0,0.0,6.0,710.0,129.0,141.0,170.0
640,Psychic,Steel,0.0,0.0,663.0,0.0,0.0,72.0,0.0,0.0,2695.0,299.0,531.0,0.0
641,Fire,Flying,1254.0,177.0,534.0,713.0,0.0,0.0,0.0,0.0,287.0,85.0,761.0,0.0
642,Water,Psychic,611.0,40.0,71.0,0.0,0.0,0.0,0.0,191.0,304.0,342.0,211.0,0.0
643,Poison,Dark,0.0,0.0,0.0,0.0,93.0,0.0,1240.0,853.0,100.0,0.0,627.0,0.0
644,Bug,None,0.0,0.0,9.0,0.0,0.0,0.0,0.0,353.0,0.0,175.0,65.0,0.0
645,Water,None,0.0,0.0,0.0,0.0,0.0,4.0,0.0,438.0,0.0,0.0,50.0,37.0
646,Psychic,Ghost,4.0,345.0,296.0,2.0,17.0,0.0,0.0,0.0,1710.0,1360.0,1189.0,0.0
647,Ground,Ghost,0.0,59.0,0.0,0.0,1286.0,0.0,0.0,0.0,219.0,0.0,221.0,78.0
648,Ghost,None,6.0,0.0,318.0,0.0,0.0,0.0,0.0,0.0,88.0,1515.0,341.0,0.0
649,Fighting,None,0.0,0.0,124.0,0.0,0.0,0.0,0.0,118.0,328.0,188.0,149.0,150.0
650,Dark,Flying,1163.0,0.0,0.0,0.0,4.0,0.0,0.0,0.0,1.0,2055.0,925.0,0.0
651,Dark,Dragon,3.0,0.0,0.0,0.0,0.0,350.0,0.0,194.0,9.0,923.0,303.0,0.0
652,Rock,Flying,120.0,0.0,201.0,0.0,0.0,241.0,0.0,0.0,143.0,22.0,243.0,151.0
653,Grass,Ice,0.0,0.0,0.0,0.0,786.0,533.0,34.0,0.0,640.0,0.0,0.0,0.0
654,Ground,Psychic,0.0,0.0,0.0,0.0,0.0,0.0,0.0,455.0,996.0,568.0,244.0,0.0
655,Water,Dark,956.0,80.0,38.0,0.0,0.0,97.0,0.0,37.0,237.0,46.0,476.0,49.0
656,Grass,None,0.0,9.0,139.0,330.0,0.0,0.0,0.0,0.0,113.0,0.0,108.0,4.0
657,Fire,Flying,1197.0,1007.0,59.0,0.0,700.0,0.0,0.0,0.0,257.0,5.0,341.0,0.0
658,Normal,Fairy,95.0,5.0,0.0,0.0,50.0,0.0,0.0,502.0,182.0,14.0,197.0,104.0
659,Rock,Water,0.0,104.0,0.0,205.0,0.0,269.0,0.0,0.0,561.0,0.0,141.0,0.0
660,Electric,None,0.0,0.0,646.0,0.0,0.0,0.0,17.0,0.0,141.0,27.0,291.0,0.0
661,Bug,None,347.0,0.0,28.0,0.0,0.0,0.0,0.0,0.0,257.0,18.0,120.0,0.0
662,Normal,Water,3.0,944.0,0.0,0.0,0.0,0.0,0.0,0.0,1008.0,0.0,239.0,94.0
663,Fighting,None,330.0,137.0,0.0,0.0,0.0,0.0,0.0,0.0,377.0,0.0,225.0,152.0
664,Fire,Ground,0.0,0.0,684.0,121.0,0.0,0.0,0.0,0.0,295.0,0.0,122.0,0.0
665,Water,None,0.0,0.0,0.0,0.0,13.0,114.0,0.0,9.0,222.0,103.0,73.0,0.0
666,Poison,Dark,0.0,0.0,76.0,728.0,193.0,41.0,0.0,0.0,31.0,0.0,184.0,15.0
667,Water,None,310.0,224.0,0.0,0.0,0.0,0.0,0.0,127.0,353.0,0.0,246.0,0.0
668,Normal,None,0.0,232.0,61.0,0.0,0.0,0.0,0.0,0.0,1155.0,81.0,317.0,245.0
669,Electric,None,0.0,27.0,599.0,0.0,0.0,0.0,0.0,0.0,1.0,145.0,118.0,0.0
670,Bug,None,0.0,9.0,64.0,0.0,0.0,321.0,0.0,0.0,109.0,29.0,71.0,0.0
671,Grass,Fairy,0.0,0.0,0.0,877.0,0.0,0.0,260.0,1064.0,264.0,0.0,283.0,0.0
672,Ground,Rock,2.0,0.0,0.0,0.0,0.0,1324.0,0.0,0.0,619.0,0.0,300.0,0.0
673,Electric,None,19.0,81.0,682.0,0.0,0.0,0.0,0.0,0.0,15.0,46.0,117.0,43.0
674,Rock,Grass,0.0,0.0,124.0,0.0,0.0,162.0,175.0,614.0,0.0,21.0,197.0,0.0
675,Normal,None,127.0,0.0,0.0,0.0,0.0,0.0,926.0,0.0,526.0,5.0,388.0,44.0
676,Poison,Water,0.0,4.0,5.0,0.0,577.0,308.0,272.0,76.0,17.0,0.0,222.0,0.0
677,Psychic,None,4.0,0.0,0.0,0.0,0.0,18.0,0.0,171.0,43.0,129.0,138.0,6.0
678,Dark,Psychic,0.0,0.0,0.0,0.0,44.0,1410.0,340.0,174.0,694.0,0.0,310.0,0.0
679,Grass,Flying,0.0,0.0,74.0,2287.0,0.0,0.0,0.0,0.0,852.0,0.0,389.0,106.0
680,Water,None,0.0,0.0,0.0,176.0,472.0,104.0,55.0,0.0,75.0,0.0,158.0,0.0
681,Water,None,61.0,0.0,43.0,0.0,0.0,483.0,0.0,15.0,7.0,0.0,129.0,0.0
682,Normal,Flying,36.0,60.0,0.0,0.0,0.0,0.0,0.0,309.0,37.0,827.0,285.0,49.0
683,Normal,Grass,0.0,0.0,126.0,0.0,0.0,0.0,0.0,0.0,410.0,19.0,143.0,76.0
684,Fire,None,220.0,400.0,445.0,0.0,0.0,299.0,0.0,0.0,63.0,3.0,113.0,0.0
685,Ghost,Fairy,0.0,93.0,0.0,0.0,0.0,0.0,0.0,0.0,555.0,63.0,144.0,0.0
686,Dragon,None,0.0,0.0,0.0,142.0,0.0,0.0,592.0,0.0,928.0,546.0,184.0,0.0
687,Dark,None,18.0,3.0,6.0,0.0,0.0,0.0,0.0,0.0,144.0,636.0,178.0,0.0
688,Grass,None,13.0,0.0,0.0,784.0,0.0,0.0,0.0,13.0,10.0,0.0,71.0,0.0
689,Dragon,Ghost,41.0,0.0,71.0,634.0,0.0,0.0,0.0,18.0,0.0,0.0,135.0,0.0
690,Bug,Flying,402.0,0.0,186.0,0.0,0.0,46.0,0.0,35.0,148.0,116.0,311.0,0.0
